{"type": "FeatureCollection", "features": [{"type": "Feature", "geometry": {"type": "Point", "coordinates": [-2.104805, 52.431067]}, "properties": {"id": "40010495", "title": "Badgers Sett", "path": "/en-gb/locations/worcestershire/badgers-sett", "latitude": "52.431067", "longitude": "-2.104805", "address1": "Birmingham Road", "address2": "Hagley", "address3": "Nr Stourbridge", "address4": "DY9 9JS", "contactInfo": "01562 883 120", "googleMapURL": "https://www.google.com/maps/place/Badgers+Sett+Beefeater/@52.4312367,-2.1051174,17z/data=!3m1!4b1!4m5!3m4!1s0x4870916091cbf9f3:0xf2b4f49758682e33!8m2!3d52.4311488!4d-2.1050049", "chain": "Beefeater", "nearest_external_pub": {"name": "The Queensway", "lat": 52.4426116, "lon": -2.1180465, "distance_km": 1.566}}}, {"type": "Feature", "geometry": {"type": "Point", "coordinates": [-3.807146, 51.615224]}, "properties": {"id": "40010500", "title": "Bagle Brook", "path": "/en-gb/locations/port-talbot/bagle-brook", "latitude": "51.615224", "longitude": "-3.807146", "address1": "Baglan Road", "address2": "Baglan", "address3": "Port Talbot", "address4": "SA12 8ES", "contactInfo": "01639 813 017", "googleMapURL": "https://www.google.com/maps/search/?api=1&query=Beefeater+SA12+8ES", "chain": "Beefeater", "nearest_external_pub": {"name": "Baglan Social Club", "lat": 51.6205567, "lon": -3.8070093, "distance_km": 0.593}}}, {"type": "Feature", "geometry": {"type": "Point", "coordinates": [-1.46189, 50.944962]}, "properties": {"id": "40010585", "title": "Balmoral Inn", "path": "/en-gb/locations/hampshire/balmoral-inn", "latitude": "50.944962", "longitude": "-1.46189", "address1": "Romsey Road", "address2": "Nursling", "address3": "Southampton", "address4": "SO16 0XJ", "contactInfo": "02380 732 262", "googleMapURL": "https://www.google.com/maps/place/Balmoral+Beefeater/@50.945294,-1.461716,17z/data=!3m1!4b1!4m5!3m4!1s0x487476b57ec6341f:0xcba45fb2b37a3fb0!8m2!3d50.9452308!4d-1.4616618", "chain": "Beefeater", "nearest_external_pub": {"name": "Horns Inn", "lat": 50.9458289, "lon": -1.4621091, "distance_km": 0.098}}}, {"type": "Feature", "geometry": {"type": "Point", "coordinates": [-4.03305, 55.775559]}, "properties": {"id": "40538240", "title": "Beefeater Hamilton", "path": "/en-gb/locations/glasgow/hamilton", "latitude": "55.775559", "longitude": "-4.033050", "address1": "Townhead Street", "address2": "Hamilton", "address3": "", "address4": "ML3 7BL", "contactInfo": "01698 756084", "googleMapURL": "https://www.google.co.uk/maps/place/Keith+St,+Hamilton+ML3+7BL/@55.7755718,-4.0330353,21z/data=!4m5!3m4!1s0x4888152a10f9f7d7:0x8484bcfdf9f5957c!8m2!3d55.7761871!4d-4.0330996", "chain": "Beefeater", "nearest_external_pub": {"name": "Hemingways", "lat": 55.7761135, "lon": -4.0332827, "distance_km": 0.063}}}, {"type": "Feature", "geometry": {"type": "Point", "coordinates": [-2.026415, 52.581826]}, "properties": {"id": "41510835", "title": "Bentley Green", "path": "/en-gb/locations/west-midlands/bentley-green", "latitude": "52.581826", "longitude": "-2.026415", "address1": "Bentley Road", "address2": "Walsall", "address3": "West Midlands", "address4": "WS2 0WB", "contactInfo": "01922 724485", "googleMapURL": "https://www.google.com/maps/place/Bentley+Green+Beefeater/@52.5817938,-2.0267361,17z/data=!3m1!4b1!4m5!3m4!1s0x487098c3014bd313:0xe49cf1972d348003!8m2!3d52.5817938!4d-2.0267361", "chain": "Beefeater", "nearest_external_pub": {"name": "The Robin Hood", "lat": 52.5826774, "lon": -2.0390087, "distance_km": 0.856}}}, {"type": "Feature", "geometry": {"type": "Point", "coordinates": [-1.984669, 52.395768]}, "properties": {"id": "40536505", "title": "Birmingham South", "path": "/en-gb/locations/west-midlands/longbridge", "latitude": "52.395768", "longitude": "-1.984669", "address1": "1 High Street", "address2": "Longbridge Town Centre", "address3": "Birmingham", "address4": "B31 2UQ", "contactInfo": "0121 270 7163", "googleMapURL": "https://www.google.com/maps/place/Birmingham+South+Beefeater/@52.3954386,-1.9849918,17z/data=!3m1!4b1!4m5!3m4!1s0x487095850048e6eb:0xf6782264685ccbab!8m2!3d52.3954386!4d-1.9849918", "chain": "Beefeater", "nearest_external_pub": {"name": "The Cambridge", "lat": 52.3950871, "lon": -1.985174, "distance_km": 0.083}}}, {"type": "Feature", "geometry": {"type": "Point", "coordinates": [-2.879704, 54.858902]}, "properties": {"id": "41011025", "title": "Border Gate", "path": "/en-gb/locations/cumbria/border-gate", "latitude": "54.858902", "longitude": "-2.879704", "address1": "Carleton", "address2": "Carlisle", "address3": "Cumbria", "address4": "CA4 0AD", "contactInfo": "01228 532 073", "googleMapURL": "https://www.google.com/maps/place/Border+Gate+Beefeater/@54.8589248,-2.8795247,17z/data=!3m1!4b1!4m5!3m4!1s0x487d1b750345d24d:0x99346321b63acdad!8m2!3d54.8589128!4d-2.879458", "chain": "Beefeater", "nearest_external_pub": {"name": "Green Bank", "lat": 54.8676248, "lon": -2.8931096, "distance_km": 1.295}}}, {"type": "Feature", "geometry": {"type": "Point", "coordinates": [-1.541946, 54.786821]}, "properties": {"id": "41012475", "title": "Broomside Park", "path": "/en-gb/locations/county-durham/broomside-park", "latitude": "54.786821", "longitude": "-1.541946", "address1": "Broomside Lane", "address2": "Belmont Industrial Park", "address3": "Durham", "address4": "DH1 1GG", "contactInfo": "01913 706500", "googleMapURL": "https://www.google.com/maps/search/?api=1&query=Beefeater+DH1+1GG", "chain": "Beefeater", "nearest_external_pub": {"name": "The Sportsman", "lat": 54.786052, "lon": -1.5306249, "distance_km": 0.731}}}, {"type": "Feature", "geometry": {"type": "Point", "coordinates": [-5.082204, 50.226082]}, "properties": {"id": "41515560", "title": "Carnon Inn", "path": "/en-gb/locations/cornwall/carnon-inn", "latitude": "50.226082", "longitude": "-5.082204", "address1": "Old Carnon Hill", "address2": "Carnon Downs", "address3": "Truro", "address4": "TR3 6JZ", "contactInfo": "01872 863 370", "googleMapURL": "https://www.google.com/maps/place/Carnon+Inn+Beefeater/@50.2260072,-5.0827995,17z/data=!3m1!4b1!4m5!3m4!1s0x486b3d4344d2f2d9:0xc3d13d505a01c3cb!8m2!3d50.2260072!4d-5.0827995", "chain": "Beefeater", "nearest_external_pub": {"name": "Punch Bowl and Ladle", "lat": 50.2249611, "lon": -5.061704, "distance_km": 1.464}}}, {"type": "Feature", "geometry": {"type": "Point", "coordinates": [-3.49448, 50.7005]}, "properties": {"id": "40011915", "title": "Countess Wear", "path": "/en-gb/locations/devon/countess-wear", "latitude": "50.7005", "longitude": "-3.49448", "address1": "398 Topsham Road", "address2": "Exeter", "address3": "Devon", "address4": "EX2 6HE", "contactInfo": "01392 428 000", "googleMapURL": "https://www.google.com/maps/place/Countess+Wear+Beefeater/@50.7003736,-3.4944436,17z/data=!3m1!4b1!4m5!3m4!1s0x486da15283115343:0x23c28df7a4196271!8m2!3d50.7003736!4d-3.4944436", "chain": "Beefeater", "nearest_external_pub": {"name": "The Tally Ho", "lat": 50.7031311, "lon": -3.5024048, "distance_km": 0.63}}}, {"type": "Feature", "geometry": {"type": "Point", "coordinates": [-0.540422, 50.845629]}, "properties": {"id": "40012150", "title": "Crossbush", "path": "/en-gb/locations/sussex/crossbush", "latitude": "50.845629", "longitude": "-0.540422", "address1": "Crossbush Lane", "address2": "Arundel", "address3": "West Sussex", "address4": "BN18 9PQ", "contactInfo": "01903 882 655", "googleMapURL": "https://www.google.com/maps/place/Crossbush+Beefeater/@50.8457198,-0.540458,17z/data=!3m1!4b1!4m5!3m4!1s0x4875bab4ac3301f9:0xb71afa91c221ce4a!8m2!3d50.8457198!4d-0.5404578", "chain": "Beefeater", "nearest_external_pub": {"name": "The White Hart", "lat": 50.8531472, "lon": -0.5521566, "distance_km": 1.174}}}, {"type": "Feature", "geometry": {"type": "Point", "coordinates": [-0.692879, 51.793352]}, "properties": {"id": "40012195", "title": "Crows Nest", "path": "/en-gb/locations/hertfordshire/crows-nest", "latitude": "51.793352", "longitude": "-0.692879", "address1": "Tring Hill", "address2": "Tring", "address3": "Hertfordshire", "address4": "HP23 4LD", "contactInfo": "01442 508140", "googleMapURL": "https://www.google.com/maps/search/?api=1&query=Beefeater+HP23+4LD", "chain": "Beefeater", "nearest_external_pub": {"name": "The Anchor", "lat": 51.7911513, "lon": -0.6683539, "distance_km": 1.704}}}, {"type": "Feature", "geometry": {"type": "Point", "coordinates": [-3.52659, 55.915195]}, "properties": {"id": "40012255", "title": "Deer Park", "path": "/en-gb/locations/west-lothian/deer-park", "latitude": "55.915195", "longitude": "-3.52659", "address1": "Deer Park Avenue, Deer Park", "address2": "Knightsridge", "address3": "Livingston", "address4": "EH54 8AD", "contactInfo": "01506 439 202", "googleMapURL": "https://www.google.com/maps/search/?api=1&query=Beefeater+EH54+8AD", "chain": "Beefeater", "nearest_external_pub": {"name": "The Saltire", "lat": 55.9023513, "lon": -3.546409, "distance_km": 1.888}}}, {"type": "Feature", "geometry": {"type": "Point", "coordinates": [-2.970606, 56.455901]}, "properties": {"id": "41012305", "title": "Dundee Centre", "path": "/en-gb/locations/dundee/centre", "latitude": "56.455901", "longitude": "-2.970606", "address1": "Riverside Drive", "address2": "Dundee", "address3": "Scotland", "address4": "DD1 4XA", "contactInfo": "01382 203 240", "googleMapURL": "https://www.google.com/maps/search/?api=1&query=Beefeater+DD1+4XA", "chain": "Beefeater", "nearest_external_pub": {"name": "Club Bar", "lat": 56.4586782, "lon": -2.970572, "distance_km": 0.309}}}, {"type": "Feature", "geometry": {"type": "Point", "coordinates": [0.86554, 51.16978]}, "properties": {"id": "40022570", "title": "Eureka Park", "path": "/en-gb/locations/kent/eureka-park", "latitude": "51.16978", "longitude": "0.86554", "address1": "Eureka Leisure Park", "address2": "Ashford", "address3": "Kent", "address4": "TN25 4BN", "contactInfo": "01233 739 282", "googleMapURL": "https://www.google.com/maps/place/Eureka+Park+Beefeater/@51.1625727,0.8700925,17z/data=!3m1!4b1!4m5!3m4!1s0x47deda6ece9441a7:0x5b6d6a4116ec3775!8m2!3d51.1625727!4d0.8700925", "chain": "Beefeater", "nearest_external_pub": {"name": "The Pheasant", "lat": 51.1700339, "lon": 0.8718275, "distance_km": 0.439}}}, {"type": "Feature", "geometry": {"type": "Point", "coordinates": [-2.439544, 52.681183]}, "properties": {"id": "40012660", "title": "Euston Way", "path": "/en-gb/locations/shropshire/euston-way", "latitude": "52.681183", "longitude": "-2.439544", "address1": "Euston Way", "address2": "Telford", "address3": "Shropshire", "address4": "TF3 4LY", "contactInfo": "01952 201 075", "googleMapURL": "https://www.google.com/maps/place/Beefeater+Euston+Way/@52.681225,-2.4393501,17z/data=!3m1!4b1!4m5!3m4!1s0x487a802650ca01ff:0xe8369235324f4874!8m2!3d52.6810804!4d-2.4392417", "chain": "Beefeater", "nearest_external_pub": {"name": "The Lion", "lat": 52.6819891, "lon": -2.4285901, "distance_km": 0.744}}}, {"type": "Feature", "geometry": {"type": "Point", "coordinates": [-0.754405, 51.291761]}, "properties": {"id": "40537140", "title": "Farnborough", "path": "/en-gb/locations/hampshire/farnborough", "latitude": "51.291761", "longitude": "-0.754405", "address1": "3 Kingsmead", "address2": "Farnborough", "address3": "Hampshire", "address4": "GU14 7SJ", "contactInfo": "01252 410 317", "googleMapURL": "https://www.google.com/maps/place/Farnborough+Beefeater/@51.2940023,-0.7547514,17.27z/data=!4m5!3m4!1s0x48742b2dbf1a8ac1:0x635d46b57e77e862!8m2!3d51.2936723!4d-0.7549634", "chain": "Beefeater", "nearest_external_pub": {"name": "The Tilly Shilling", "lat": 51.2934346, "lon": -0.756605, "distance_km": 0.241}}}, {"type": "Feature", "geometry": {"type": "Point", "coordinates": [-2.290915, 51.244588]}, "properties": {"id": "41023895", "title": "Frome Flyer ", "path": "/en-gb/locations/bristol/frome-flyer", "latitude": "51.244588", "longitude": "-2.290915", "address1": "Commerce Park", "address2": "Jenson Avenue", "address3": "Frome", "address4": "BA11 2LD", "contactInfo": "01373 468 980", "googleMapURL": "https://www.google.com/maps/place/Frome+Flyer+Beefeater/@51.2447456,-2.2906957,17z/data=!3m1!4b1!4m5!3m4!1s0x48722b56dc3fc41f:0x8d6bf627e1d7fb51!8m2!3d51.2447435!4d-2.2906934", "chain": "Beefeater", "nearest_external_pub": {"name": "The Vine Tree", "lat": 51.2352143, "lon": -2.3125039, "distance_km": 1.829}}}, {"type": "Feature", "geometry": {"type": "Point", "coordinates": [-1.655781, 52.399519]}, "properties": {"id": "40016985", "title": "George In The Tree", "path": "/en-gb/locations/west-midlands/george-in-the-tree", "latitude": "52.399519", "longitude": "-1.655781", "address1": "Kenilworth Road", "address2": "Balsall Common", "address3": "Berkswell", "address4": "CV7 7EX", "contactInfo": "01676 533 118", "googleMapURL": "https://www.google.com/maps/place/George+In+The+Tree+Beefeater/@52.3996565,-1.6558242,17z/data=!3m1!4b1!4m5!3m4!1s0x4870b43afa794acd:0x822c5c2785099829!8m2!3d52.3996382!4d-1.6557146", "chain": "Beefeater", "nearest_external_pub": {"name": "The Brickmakers Arms", "lat": 52.3943317, "lon": -1.6435937, "distance_km": 1.008}}}, {"type": "Feature", "geometry": {"type": "Point", "coordinates": [-3.0598, 56.47019]}, "properties": {"id": "40013180", "title": "Gourdie Croft", "path": "/en-gb/locations/dundee/gourdie-croft", "latitude": "56.47019", "longitude": "-3.0598", "address1": "Kingsway West", "address2": "Dundee", "address3": "Angus", "address4": "DD2 5JU", "contactInfo": "01382 561 115", "googleMapURL": "https://www.google.com/maps/search/?api=1&query=Beefeater+DD2+5JU", "chain": "Beefeater", "nearest_external_pub": {"name": "Camperdown Elm", "lat": 56.4733406, "lon": -3.0527688, "distance_km": 0.556}}}, {"type": "Feature", "geometry": {"type": "Point", "coordinates": [-0.947586, 51.009253]}, "properties": {"id": "41023875", "title": "Great Oak", "path": "/en-gb/locations/hampshire/great-oak", "latitude": "51.009253", "longitude": "-0.947586", "address1": "Buckmore Farm", "address2": "Winchester Road", "address3": "Petersfield", "address4": "GU32 3SB", "contactInfo": "01730 230 480", "googleMapURL": "https://www.google.com/maps/place/Great+Oak+Beefeater/@51.009243,-0.9520614,17z/data=!3m1!4b1!4m5!3m4!1s0x4874478a7999778d:0x1ee60bdd0a837174!8m2!3d51.0092052!4d-0.9520642", "chain": "Beefeater", "nearest_external_pub": {"name": "The Old Drum", "lat": 51.0049433, "lon": -0.93855, "distance_km": 0.793}}}, {"type": "Feature", "geometry": {"type": "Point", "coordinates": [1.736047, 52.591079]}, "properties": {"id": "40537975", "title": "Great Yarmouth Seafront", "path": "/en-gb/locations/norfolk/great-yarmouth-seafront", "latitude": "52.591079", "longitude": "1.736047", "address1": "South Beach Parade", "address2": "Great Yarmouth", "address3": "Norfolk", "address4": "NR30 3DD", "contactInfo": "01493 808 796", "googleMapURL": "https://www.google.com/maps/search/?api=1&query=Beefeater+NR30+3DD", "chain": "Beefeater", "nearest_external_pub": {"name": "The Albert Tavern", "lat": 52.5967478, "lon": 1.7282879, "distance_km": 0.82}}}, {"type": "Feature", "geometry": {"type": "Point", "coordinates": [-0.486102, 51.891471]}, "properties": {"id": "41513360", "title": "Halfway House", "path": "/en-gb/locations/bedfordshire/halfway-house", "latitude": "51.891471", "longitude": "-0.486102", "address1": "350 Luton Road", "address2": "Dunstable", "address3": "Bedfordshire", "address4": "LU5 4LL", "contactInfo": "01582 310 172", "googleMapURL": "https://www.google.com/maps/place/Halfway+House+Beefeater/@51.8914172,-0.4863595,17z/data=!3m1!4b1!4m5!3m4!1s0x48764f29a3c71b17:0xe2ab61651e51e8b!8m2!3d51.8914172!4d-0.4863595", "chain": "Beefeater", "nearest_external_pub": {"name": "The Sportsman", "lat": 51.8929259, "lon": -0.4971179, "distance_km": 0.773}}}, {"type": "Feature", "geometry": {"type": "Point", "coordinates": [-1.8623101, 53.723915]}, "properties": {"id": "40535535", "title": "Halifax", "path": "/en-gb/locations/west-yorkshire/halifax", "latitude": "53.723915", "longitude": "-1.8623101", "address1": "Broad Street Plaza", "address2": "Halifax", "address3": "West Yorkshire", "address4": "HX1 1YA", "contactInfo": "01422 386 531", "googleMapURL": "https://www.google.com/maps/search/?api=1&query=Beefeater+HX1+1YA", "chain": "Beefeater", "nearest_external_pub": {"name": "Upper George Hotel", "lat": 53.7230833, "lon": -1.8613869, "distance_km": 0.111}}}, {"type": "Feature", "geometry": {"type": "Point", "coordinates": [-1.091785, 50.846351]}, "properties": {"id": "40013405", "title": "Harbour Lights", "path": "/en-gb/locations/hampshire/harbour-lights", "latitude": "50.846351", "longitude": "-1.091785", "address1": "1 Southampton Road, North Harbour", "address2": "Cosham", "address3": "Portsmouth", "address4": "PO6 4SA", "contactInfo": "02392 321 122", "googleMapURL": "https://www.google.com/maps/place/Harbour+Lights+Beefeater/@50.846315,-1.091832,17z/data=!3m1!4b1!4m5!3m4!1s0x487442b691dbc2f1:0x5c069642083d91ec!8m2!3d50.846315!4d-1.091832", "chain": "Beefeater", "nearest_external_pub": {"name": "Cross Keys", "lat": 50.8508051, "lon": -1.0991237, "distance_km": 0.715}}}, {"type": "Feature", "geometry": {"type": "Point", "coordinates": [0.130218, 51.794673]}, "properties": {"id": "40013420", "title": "Harlow Mill", "path": "/en-gb/locations/essex/harlow-mill", "latitude": "51.794673", "longitude": "0.130218", "address1": "Cambridge Road", "address2": "Old Harlow", "address3": "Essex", "address4": "CM20 2EP", "contactInfo": "01279 217 535", "googleMapURL": "https://www.google.com/maps/place/Harlow+Mill+Beefeater/@51.7946738,0.1310223,17z/data=!3m1!4b1!4m5!3m4!1s0x47d89bb7a855b157:0xc50a26d7ad29b976!8m2!3d51.7944881!4d0.1310222", "chain": "Beefeater", "nearest_external_pub": {"name": "The White Horse", "lat": 51.7925716, "lon": 0.1369764, "distance_km": 0.52}}}, {"type": "Feature", "geometry": {"type": "Point", "coordinates": [-2.245662, 53.529742]}, "properties": {"id": "40013610", "title": "Heaton Park", "path": "/en-gb/locations/lancashire/heaton-park", "latitude": "53.529742", "longitude": "-2.245662", "address1": "Middleton Road", "address2": "Crumpsall", "address3": "Manchester", "address4": "M8 4NB", "contactInfo": "0161 720 6171", "googleMapURL": "https://www.google.com/maps/place/Heaton+Park+Beefeater/@53.5297812,-2.2456561,17z/data=!3m1!4b1!4m5!3m4!1s0x487bb0169e245807:0xe8fdf3fc7c7ad997!8m2!3d53.5297812!4d-2.2456561", "chain": "Beefeater", "nearest_external_pub": {"name": "Duke of Wellington", "lat": 53.5329384, "lon": -2.2311412, "distance_km": 1.023}}}, {"type": "Feature", "geometry": {"type": "Point", "coordinates": [-3.136935, 55.946632]}, "properties": {"id": "40014300", "title": "Lady Nairne", "path": "/en-gb/locations/edinburgh/lady-nairne", "latitude": "55.946632", "longitude": "-3.136935", "address1": "228 Willowbrae Road", "address2": "Old Town", "address3": "Edinburgh", "address4": "EH8 7NG", "contactInfo": "0131 661 3396", "googleMapURL": "https://www.google.com/maps/place/Lady+Nairne+Beefeater/@55.9465385,-3.1372565,17z/data=!3m1!4b1!4m5!3m4!1s0x4887b85a2c87b487:0x137fa1486572eb4e!8m2!3d55.9465385!4d-3.1372565", "chain": "Beefeater", "nearest_external_pub": {"name": "Sheep Heid Inn", "lat": 55.9419785, "lon": -3.1485445, "distance_km": 0.889}}}, {"type": "Feature", "geometry": {"type": "Point", "coordinates": [0.186381, 51.578123]}, "properties": {"id": "41014440", "title": "Liberty Bell", "path": "/en-gb/locations/essex/liberty-bell", "latitude": "51.578123", "longitude": "0.186381", "address1": "Mercury Gardens", "address2": "Romford", "address3": "Essex", "address4": "RM1 3EN", "contactInfo": "01708 760570", "googleMapURL": "https://www.google.com/maps/place/Liberty+Bell+Beefeater/@51.5779446,0.1865155,17z/data=!3m1!4b1!4m5!3m4!1s0x47d8a4b59697aa33:0xd94ec6c85f4bad46!8m2!3d51.5779083!4d0.1864597", "chain": "Beefeater", "nearest_external_pub": {"name": "The Crowning Angel", "lat": 51.5763481, "lon": 0.1826436, "distance_km": 0.325}}}, {"type": "Feature", "geometry": {"type": "Point", "coordinates": [0.066626, 51.493251]}, "properties": {"id": "40037455", "title": "London Woolwich", "path": "/en-gb/locations/greater-london/london-woolwich", "latitude": "51.493251", "longitude": "0.066626", "address1": "Beresford Street", "address2": "Woolwich", "address3": "London", "address4": "SE18 6BF", "contactInfo": "02030 042 238", "googleMapURL": "https://www.google.com/maps/search/?api=1&query=Beefeater+SE18+6BF", "chain": "Beefeater", "nearest_external_pub": {"name": "Prince Albert Rose's", "lat": 51.4933673, "lon": 0.0634517, "distance_km": 0.22}}}, {"type": "Feature", "geometry": {"type": "Point", "coordinates": [-2.049375, 52.679831]}, "properties": {"id": "40014620", "title": "Longford House", "path": "/en-gb/locations/staffordshire/longford-house", "latitude": "52.679831", "longitude": "-2.049375", "address1": "Watling Street", "address2": "Cannock", "address3": "Staffs", "address4": "WS11 1SJ", "contactInfo": "01543 572 721", "googleMapURL": "https://www.google.com/maps/place/Longford+House+Beefeater/@52.6798687,-2.0491916,17z/data=!3m1!4b1!4m5!3m4!1s0x48709e2b7d1b8f4d:0x8b19294d154903c0!8m2!3d52.6798321!4d-2.049214", "chain": "Beefeater", "nearest_external_pub": {"name": "The Chase Gate", "lat": 52.6744179, "lon": -2.0496289, "distance_km": 0.602}}}, {"type": "Feature", "geometry": {"type": "Point", "coordinates": [0.507805, 51.295827]}, "properties": {"id": "40014740", "title": "Malta Inn", "path": "/en-gb/locations/kent/malta-inn", "latitude": "51.295827", "longitude": "0.507805", "address1": "Allington Lock", "address2": "Sandling, Nr Maidstone", "address3": "Kent", "address4": "ME14 3AS", "contactInfo": "01622 717 251", "googleMapURL": "https://www.google.com/maps/place/Malta+Inn+Beefeater/@51.2958946,0.5078952,17z/data=!3m1!4b1!4m5!3m4!1s0x47df33ae615136bf:0x48ea9b37d6554793!8m2!3d51.295887!4d0.5078903", "chain": "Beefeater", "nearest_external_pub": {"name": "The Yew Tree", "lat": 51.2984018, "lon": 0.5193467, "distance_km": 0.852}}}, {"type": "Feature", "geometry": {"type": "Point", "coordinates": [0.603386, 51.364728]}, "properties": {"id": "40014790", "title": "Manor Farm", "path": "/en-gb/locations/kent/manor-farm", "latitude": "51.364728", "longitude": "0.603386", "address1": "High Street", "address2": "Rainham", "address3": "Gillingham", "address4": "ME8 7JE", "contactInfo": "01634 373 230", "googleMapURL": "https://www.google.com/maps/place/Manor+Farm+Beefeater/@51.3646697,0.6035056,17z/data=!3m1!4b1!4m5!3m4!1s0x48793fd9f169eb8f:0x6ca6a54b3ddaa72d!8m2!3d51.3647332!4d0.6035112", "chain": "Beefeater", "nearest_external_pub": {"name": "The Cricketers Inn", "lat": 51.3631626, "lon": 0.6079685, "distance_km": 0.363}}}, {"type": "Feature", "geometry": {"type": "Point", "coordinates": [-1.289806, 50.706882]}, "properties": {"id": "41014910", "title": "Medina Quay", "path": "/en-gb/locations/isle-of-wight/medina-quay", "latitude": "50.706882", "longitude": "-1.289806", "address1": "Seaclose, Fairlee Road", "address2": "Newport", "address3": "Isle of Wight", "address4": "PO30 2DN", "contactInfo": "01983 825082", "googleMapURL": "https://www.google.com/maps/place/Medina+Quay+Beefeater/@50.7067594,-1.2898575,18.65z/data=!4m5!3m4!1s0x487462d3c7f85aed:0xcd5d5a2ffb4cdab8!8m2!3d50.7068412!4d-1.2905139", "chain": "Beefeater", "nearest_external_pub": {"name": "Bargeman's Rest", "lat": 50.702669, "lon": -1.2916202, "distance_km": 0.486}}}, {"type": "Feature", "geometry": {"type": "Point", "coordinates": [-0.166663, 51.205701]}, "properties": {"id": "40015005", "title": "Mill House", "path": "/en-gb/locations/surrey/mill-house", "latitude": "51.205701", "longitude": "-0.166663", "address1": "Brighton Road, Salfords", "address2": "Redhill", "address3": "Surrey", "address4": "RH1 5BT", "contactInfo": "01737 767 277", "googleMapURL": "https://www.google.com/maps/search/?api=1&query=Beefeater+RH1+5BT", "chain": "Beefeater", "nearest_external_pub": {"name": "Joshua Tree", "lat": 51.2257903, "lon": -0.1716298, "distance_km": 2.26}}}, {"type": "Feature", "geometry": {"type": "Point", "coordinates": [-0.518096, 53.212486]}, "properties": {"id": "41015025", "title": "Mill Lodge", "path": "/en-gb/locations/lincolnshire/mill-lodge", "latitude": "53.212486", "longitude": "-0.518096", "address1": "Lincoln Road", "address2": "Lincoln", "address3": "Lincolnshire", "address4": "LN4 2RF", "contactInfo": "01522 525 216", "googleMapURL": "https://www.google.com/maps/search/?api=1&query=Beefeater+LN4+2RF", "chain": "Beefeater", "nearest_external_pub": {"name": "Mill Lodge", "lat": 53.2114165, "lon": -0.5236887, "distance_km": 0.391}}}, {"type": "Feature", "geometry": {"type": "Point", "coordinates": [-1.208056, 52.988066]}, "properties": {"id": "40015055", "title": "Millers Barn", "path": "/en-gb/locations/nottingham/millers-barn", "latitude": "52.988066", "longitude": "-1.208056", "address1": "The Phoenix Centre", "address2": "Cinderhill Road", "address3": "Notttingham", "address4": "NG8 6AS", "contactInfo": "0115 951 9971", "googleMapURL": "https://www.google.com/maps/search/?api=1&query=Beefeater+NG8+6AS", "chain": "Beefeater", "nearest_external_pub": {"name": "The Nuthall", "lat": 52.9878773, "lon": -1.2115275, "distance_km": 0.233}}}, {"type": "Feature", "geometry": {"type": "Point", "coordinates": [-1.133276, 53.980415]}, "properties": {"id": "40015070", "title": "Millfield", "path": "/en-gb/locations/york/the-millfield", "latitude": "53.980415", "longitude": "-1.133276", "address1": "White Rose Close, York Business Park", "address2": "Nether Poppleton", "address3": "York", "address4": "YO26 6RL", "contactInfo": "01904 787 630", "googleMapURL": "https://www.google.com/maps/place/The+Millfield+Beefeater/@53.9802955,-1.1351364,17z/data=!3m1!4b1!4m5!3m4!1s0x4879314e140566c1:0x6bed277edd338f22!8m2!3d53.9802735!4d-1.1329342", "chain": "Beefeater", "nearest_external_pub": {"name": "The Mitre", "lat": 53.9832719, "lon": -1.117387, "distance_km": 1.086}}}, {"type": "Feature", "geometry": {"type": "Point", "coordinates": [-0.33527, 51.708033]}, "properties": {"id": "40015165", "title": "Moor Mill", "path": "/en-gb/locations/hertfordshire/moor-mill", "latitude": "51.708033", "longitude": "-0.335270", "address1": "Smug Oak Lane", "address2": "Bricket Wood", "address3": "Radlett", "address4": "AL2 3TZ", "contactInfo": "01727 875 557", "googleMapURL": "https://www.google.com/maps/place/Moor+Mill+Beefeater/@51.7090946,-0.3385433,17z/data=!3m1!4b1!4m5!3m4!1s0x48763fbf021e259f:0x33816e8a74ce9f92!8m2!3d51.7090268!4d-0.3362224", "chain": "Beefeater", "nearest_external_pub": {"name": "The Gate", "lat": 51.7069071, "lon": -0.3567751, "distance_km": 1.487}}}, {"type": "Feature", "geometry": {"type": "Point", "coordinates": [-2.934461, 53.610089]}, "properties": {"id": "40015215", "title": "Morris Dancers", "path": "/en-gb/locations/lancashire/morris-dancers", "latitude": "53.610089", "longitude": "-2.934461", "address1": "Southport Road", "address2": "Scarisbrick", "address3": "Ormskirk", "address4": "L40 9RG", "contactInfo": "01704 880 201", "googleMapURL": "https://www.google.com/maps/place/Morris+Dancers+Beefeater/@53.610131,-2.934385,17z/data=!3m1!4b1!4m5!3m4!1s0x487b3de15bb6e6fb:0x5d2c215b582ba4da!8m2!3d53.6101393!4d-2.9343153", "chain": "Beefeater", "nearest_external_pub": {"name": "The Elephant", "lat": 53.598308, "lon": -2.9264311, "distance_km": 1.413}}}, {"type": "Feature", "geometry": {"type": "Point", "coordinates": [-1.503839, 54.518634]}, "properties": {"id": "40012230", "title": "Morton Park", "path": "/en-gb/locations/county-durham/morton-park", "latitude": "54.518634", "longitude": "-1.503839", "address1": "Morton Park Way", "address2": "Morton Park", "address3": "Darlington", "address4": "DL1 4PJ", "contactInfo": "01325 373 340", "googleMapURL": "https://www.google.com/maps/place/Morton+Park+Beefeater/@54.518695,-1.5034174,17z/data=!3m1!4b1!4m5!3m4!1s0x487e9a1af0d6ad59:0xc8df7b191f36129e!8m2!3d54.518695!4d-1.5034174", "chain": "Beefeater", "nearest_external_pub": {"name": "The Old Farmhouse Inn", "lat": 54.5200579, "lon": -1.4885397, "distance_km": 1.0}}}, {"type": "Feature", "geometry": {"type": "Point", "coordinates": [-2.124277, 52.635192]}, "properties": {"id": "41023100", "title": "Moseley Park", "path": "/en-gb/locations/west-midlands/moseley-park", "latitude": "52.635192", "longitude": "-2.124277", "address1": "Wolverhampton Business Park", "address2": "Greenfield Lane", "address3": "Wolverhampton", "address4": "WV10 6TA", "contactInfo": "01902 781 446", "googleMapURL": "https://www.google.com/maps/place/Moseley+Park+Beefeater/@52.635855,-2.124004,17z/data=!3m1!4b1!4m5!3m4!1s0x487098d89893bc55:0x2f0df4102a967ae2!8m2!3d52.635855!4d-2.124004", "chain": "Beefeater", "nearest_external_pub": {"name": "The Moreton Arms", "lat": 52.631624, "lon": -2.1245375, "distance_km": 0.397}}}, {"type": "Feature", "geometry": {"type": "Point", "coordinates": [-0.731237, 52.460728]}, "properties": {"id": "40024245", "title": "Oakley Hay", "path": "/en-gb/locations/northamptonshire/oakley-hay", "latitude": "52.460728", "longitude": "-0.731237", "address1": "2 Little Colliers Field, Great Oakley", "address2": "Corby", "address3": "Northants", "address4": "NN18 8TJ", "contactInfo": "01536 462 792", "googleMapURL": "https://www.google.com/maps/place/Oakley+Hay+Beefeater/@52.459327,-0.73494,17z/data=!3m1!4b1!4m5!3m4!1s0x48779dccb6e19e5f:0x624456195636e112!8m2!3d52.459327!4d-0.73494", "chain": "Beefeater", "nearest_external_pub": {"name": "Spread Eagle", "lat": 52.4634787, "lon": -0.7316939, "distance_km": 0.307}}}, {"type": "Feature", "geometry": {"type": "Point", "coordinates": [-1.210553, 50.851195]}, "properties": {"id": "40015505", "title": "Oast and Squire", "path": "/en-gb/locations/hampshire/oast-&-squire", "latitude": "50.851195", "longitude": "-1.210553", "address1": "Peak Lane", "address2": "The Avenue", "address3": "Fareham", "address4": "PO14 1RJ", "contactInfo": "01329 844 377", "googleMapURL": "https://www.google.com/maps/place/Oast+%26+Squire+Beefeater/@50.8510168,-1.2114777,17z/data=!3m1!4b1!4m5!3m4!1s0x48746f4de9c82459:0x3510d18da5f82d20!8m2!3d50.8509613!4d-1.2114784", "chain": "Beefeater", "nearest_external_pub": {"name": "The Heathfield Arms", "lat": 50.8554997, "lon": -1.2089749, "distance_km": 0.491}}}, {"type": "Feature", "geometry": {"type": "Point", "coordinates": [-1.3138091, 51.8299395]}, "properties": {"id": "40538225", "title": "Oxford Kidlington (Airport)", "path": "/en-gb/locations/oxford/oxford-kidlington", "latitude": "51.8299395", "longitude": "-1.3138091", "address1": "Oxford Technology Park", "address2": "Langford Lane", "address3": "Kidlington", "address4": "OX5 1RA", "contactInfo": "01865 595497", "googleMapURL": "https://www.google.com/maps/place/Beefeater+Oxford+Kidlington/@51.8299395,-1.3138091,17z/data=!3m1!4b1!4m5!3m4!1s0x4876c529a57cb131:0x5393733241a207c4!8m2!3d51.8299494!4d-1.3116242", "chain": "Beefeater", "nearest_external_pub": {"name": "The Jolly Boatman", "lat": 51.83539, "lon": -1.3046256, "distance_km": 0.875}}}, {"type": "Feature", "geometry": {"type": "Point", "coordinates": [1.150104, 52.032987]}, "properties": {"id": "40015835", "title": "Oyster Reach", "path": "/en-gb/locations/suffolk/oyster-reach", "latitude": "52.032987", "longitude": "1.150104", "address1": "Bourne Hill", "address2": "Wherstead", "address3": "Ipswich", "address4": "IP2 8ND", "contactInfo": "01473 692 372", "googleMapURL": "https://www.google.com/maps/search/?api=1&query=Beefeater+IP2+8ND", "chain": "Beefeater", "nearest_external_pub": {"name": "The Smock", "lat": 52.0420201, "lon": 1.1472542, "distance_km": 1.023}}}, {"type": "Feature", "geometry": {"type": "Point", "coordinates": [-0.57055, 51.248183]}, "properties": {"id": "41015900", "title": "Parkway", "path": "/en-gb/locations/surrey/the-parkway", "latitude": "51.248183", "longitude": "-0.57055", "address1": "Parkway", "address2": "Guildford", "address3": "Surrey", "address4": "GU1 1UP", "contactInfo": "01483 304 932", "googleMapURL": "https://www.google.com/maps/search/?api=1&query=Beefeater+GU1+1UP", "chain": "Beefeater", "nearest_external_pub": {"name": "The Rowbarge", "lat": 51.2507002, "lon": -0.5732025, "distance_km": 0.335}}}, {"type": "Feature", "geometry": {"type": "Point", "coordinates": [-2.665496, 53.313553]}, "properties": {"id": "41016125", "title": "Preston Brook", "path": "/en-gb/locations/merseyside/preston-brook", "latitude": "53.313553", "longitude": "-2.665496", "address1": "Chester Road", "address2": "Runcorn", "address3": "Cheshire", "address4": "WA7 3BB", "contactInfo": "01928 716 829", "googleMapURL": "https://www.google.com/maps/place/Preston+Brook+Beefeater/@53.3145531,-2.6641998,17z/data=!3m1!4b1!4m5!3m4!1s0x487ae3292973d077:0xecefe3042479992b!8m2!3d53.3145531!4d-2.6641998", "chain": "Beefeater", "nearest_external_pub": {"name": "The Queen of Hearts", "lat": 53.3174537, "lon": -2.6712715, "distance_km": 0.579}}}, {"type": "Feature", "geometry": {"type": "Point", "coordinates": [-0.435821, 52.132527]}, "properties": {"id": "40016160", "title": "Priory Marina", "path": "/en-gb/locations/bedfordshire/priory-marina", "latitude": "52.132527", "longitude": "-0.435821", "address1": "Priory Country Park", "address2": "Barkers Lane", "address3": "Bedford", "address4": "MK41 9DJ", "contactInfo": "01234 352 883", "googleMapURL": "https://www.google.com/maps/place/Priory+Marina+Beefeater/@52.1322531,-0.4368379,17z/data=!3m1!4b1!4m5!3m4!1s0x4877b6f5ef78637b:0x31706a23326097b1!8m2!3d52.1322531!4d-0.4368379", "chain": "Beefeater", "nearest_external_pub": {"name": "The White Horse", "lat": 52.1389848, "lon": -0.4441874, "distance_km": 0.917}}}, {"type": "Feature", "geometry": {"type": "Point", "coordinates": [-2.287582, 53.471304]}, "properties": {"id": "40016345", "title": "Quay House", "path": "/en-gb/locations/lancashire/quay-house", "latitude": "53.471304", "longitude": "-2.287582", "address1": "The Quays", "address2": "Salford Quays", "address3": "Salford", "address4": "M50 3SQ", "contactInfo": "0161 872 4026", "googleMapURL": "https://www.google.com/maps/search/?api=1&query=Beefeater+M50+3SQ", "chain": "Beefeater", "nearest_external_pub": {"name": "The Matchstick Man", "lat": 53.4698217, "lon": -2.2837574, "distance_km": 0.302}}}, {"type": "Feature", "geometry": {"type": "Point", "coordinates": [-0.786043, 51.345836]}, "properties": {"id": "40016405", "title": "Rackstraws Farm", "path": "/en-gb/locations/berkshire/rackstraws-farm", "latitude": "51.345836", "longitude": "-0.786043", "address1": "221 Yorktown Road", "address2": "College Town", "address3": "Sandhurst", "address4": "GU47 0RT", "contactInfo": "01252 878 181", "googleMapURL": "https://www.google.com/maps/place/Rackstraws+Farm+Beefeater/@51.3457031,-0.7860358,17z/data=!3m1!4b1!4m5!3m4!1s0x48768027e9938be7:0xb9aa2c3eca47f9aa!8m2!3d51.3457707!4d-0.7861013", "chain": "Beefeater", "nearest_external_pub": {"name": "The Wellington Arms", "lat": 51.3463315, "lon": -0.7893075, "distance_km": 0.233}}}, {"type": "Feature", "geometry": {"type": "Point", "coordinates": [-3.039596, 53.854958]}, "properties": {"id": "40016475", "title": "Red Lion", "path": "/en-gb/locations/lancashire/red-lion", "latitude": "53.854958", "longitude": "-3.039596", "address1": "Devonshire Road", "address2": "Bispham", "address3": "Blackpool", "address4": "FY2 0AR", "contactInfo": "01253 354 942", "googleMapURL": "https://www.google.com/maps/place/Red+Lion+Beefeater/@53.8550036,-3.0396925,17z/data=!3m1!4b1!4m5!3m4!1s0x487447fef93c198b:0x7d882d7158b194!8m2!3d53.8550092!4d-3.039799", "chain": "Beefeater", "nearest_external_pub": {"name": "The Albion", "lat": 53.851932, "lon": -3.0392234, "distance_km": 0.337}}}, {"type": "Feature", "geometry": {"type": "Point", "coordinates": [-1.939672, 52.316228]}, "properties": {"id": "40536385", "title": "Redditch", "path": "/en-gb/locations/west-midlands/redditch", "latitude": "52.316228", "longitude": "-1.939672", "address1": "Bordesley Lane", "address2": "Redditch", "address3": "Worcestershire", "address4": "B97 6AQ", "contactInfo": "01527 590 916", "googleMapURL": "https://www.google.com/maps/place/Redditch+Beefeater/@52.3165445,-1.9370474,18z/data=!4m12!1m6!3m5!1s0x4870c046f3172d65:0xbef1755f72c44933!2sRedditch+Beefeater!8m2!3d52.315987!4d-1.939!3m4!1s0x4870c046f3172d65:0xbef1755f72c44933!8m2!3d52.315987!4d-1.939", "chain": "Beefeater", "nearest_external_pub": {"name": "Meadow Farm", "lat": 52.3226536, "lon": -1.9398595, "distance_km": 0.715}}}, {"type": "Feature", "geometry": {"type": "Point", "coordinates": [-0.789771, 53.092706]}, "properties": {"id": "41516760", "title": "Roman Way", "path": "/en-gb/locations/nottingham/roman-way", "latitude": "53.092706", "longitude": "-0.789771", "address1": "Lincoln Road", "address2": "Newark", "address3": "Nottinghamshire", "address4": "NG24 2DB", "contactInfo": "01636 640 690", "googleMapURL": "https://www.google.com/maps/search/?api=1&query=Beefeater+NG24+2DB", "chain": "Beefeater", "nearest_external_pub": {"name": "The Lord Nelson", "lat": 53.1008775, "lon": -0.7853851, "distance_km": 0.955}}}, {"type": "Feature", "geometry": {"type": "Point", "coordinates": [0.490914, 51.287239]}, "properties": {"id": "40017075", "title": "Sir Thomas Wyatt", "path": "/en-gb/locations/kent/sir-thomas-wyatt", "latitude": "51.287239", "longitude": "0.490914", "address1": "London Road", "address2": "Maidstone", "address3": "Kent", "address4": "ME16 OHG", "contactInfo": "01622 752 515", "googleMapURL": "https://www.google.com/maps/search/?api=1&query=Beefeater+ME16+OHG", "chain": "Beefeater", "nearest_external_pub": {"name": "The Fields", "lat": 51.2908216, "lon": 0.4882367, "distance_km": 0.44}}}, {"type": "Feature", "geometry": {"type": "Point", "coordinates": [-1.874384, 50.810806]}, "properties": {"id": "40017110", "title": "Smugglers Haunt", "path": "/en-gb/locations/dorset/smugglers-haunt", "latitude": "50.810806", "longitude": "-1.874384", "address1": "Ringwood Road", "address2": "Tricketts Cross", "address3": "Ferndown", "address4": "BH22 9BB", "contactInfo": "01202 874 210", "googleMapURL": "https://www.google.com/maps/place/Smugglers+Haunt+Beefeater/@50.810726,-1.874612,17z/data=!3m1!4b1!4m5!3m4!1s0x4873a2ed6d45a7cb:0xa1f2cec4487aed28!8m2!3d50.810785!4d-1.8746675", "chain": "Beefeater", "nearest_external_pub": {"name": "The Woodman", "lat": 50.8188041, "lon": -1.8586482, "distance_km": 1.419}}}, {"type": "Feature", "geometry": {"type": "Point", "coordinates": [-2.121443, 53.28442]}, "properties": {"id": "41014980", "title": "Springwood Park", "path": "/en-gb/locations/cheshire/springwood-park", "latitude": "53.284420", "longitude": "-2.121443", "address1": "Tytherington Business Park", "address2": "Springwood Way", "address3": "Tytherington, Macclesfield", "address4": "SK10 2XA", "contactInfo": "01625 427809", "googleMapURL": "https://www.google.com/maps/place/Springwood+Park+Beefeater/@53.2848661,-2.1229935,17z/data=!3m1!4b1!4m5!3m4!1s0x487a495effec1ded:0xeaad329de581bd0f!8m2!3d53.284648!4d-2.1229034", "chain": "Beefeater", "nearest_external_pub": {"name": "Springwood Park", "lat": 53.2849118, "lon": -2.1230427, "distance_km": 0.12}}}, {"type": "Feature", "geometry": {"type": "Point", "coordinates": [-1.117312, 51.264721]}, "properties": {"id": "40017270", "title": "Spruce Goose", "path": "/en-gb/locations/hampshire/spruce-goose", "latitude": "51.264721", "longitude": "-1.117312", "address1": "Basingstoke Leisure Park", "address2": "Worting Road", "address3": "Basingstoke", "address4": "RG22 6PG", "contactInfo": "01256 811 477", "googleMapURL": "https://www.google.com/maps/place/Spruce+Goose+Beefeater/@51.2647748,-1.1170167,17z/data=!3m1!4b1!4m5!3m4!1s0x487421fa454fd607:0xd3400f34664846d2!8m2!3d51.2647748!4d-1.1170167", "chain": "Beefeater", "nearest_external_pub": {"name": "The Winkle", "lat": 51.271606, "lon": -1.1137505, "distance_km": 0.805}}}, {"type": "Feature", "geometry": {"type": "Point", "coordinates": [-2.918119, 53.426531]}, "properties": {"id": "40017330", "title": "Stag and Rainbow", "path": "/en-gb/locations/merseyside/stag-&-rainbow", "latitude": "53.426531", "longitude": "-2.918119", "address1": "10 Queens Drive", "address2": "West Derby", "address3": "Liverpool", "address4": "L13 0DL", "contactInfo": "0151 228 4724", "googleMapURL": "https://www.google.com/maps/place/Stag+And+Rainbow+Beefeater/@53.4266834,-2.9178857,17z/data=!3m1!4b1!4m5!3m4!1s0x487b218f2a8fc3d5:0xfa388a779af1f1ad!8m2!3d53.426678!4d-2.9179029", "chain": "Beefeater", "nearest_external_pub": {"name": "Jolly Miller", "lat": 53.4270647, "lon": -2.9169691, "distance_km": 0.097}}}, {"type": "Feature", "geometry": {"type": "Point", "coordinates": [0.681755, 51.562284]}, "properties": {"id": "41017465", "title": "Strawberry Field", "path": "/en-gb/locations/essex/strawberry-field", "latitude": "51.562284", "longitude": "0.681755", "address1": "Thanet Grange", "address2": "Off Prince Avenue", "address3": "Southend-on-Sea", "address4": "SS2 6GB", "contactInfo": "01702 341 175", "googleMapURL": "https://www.google.com/maps/place/Strawberry+Field+Beefeater/@51.5622373,0.6814541,17z/data=!3m1!4b1!4m5!3m4!1s0x47d8d973bfd6eadf:0xc798a1d9bc54b51a!8m2!3d51.5622373!4d0.6814541", "chain": "Beefeater", "nearest_external_pub": {"name": "Loyal Toast", "lat": 51.571369, "lon": 0.67124, "distance_km": 1.244}}}, {"type": "Feature", "geometry": {"type": "Point", "coordinates": [-0.615385, 53.563257]}, "properties": {"id": "40010330", "title": "The Anchor", "path": "/en-gb/locations/lincolnshire/the-anchor", "latitude": "53.563257", "longitude": "-0.615385", "address1": "Lakeside Parkway", "address2": "Scunthorpe", "address3": "Lincolnshire", "address4": "DN16 3UA", "contactInfo": "01724 870 030", "googleMapURL": "https://www.google.com/maps/place/The+Anchor+Beefeater/@53.5634313,-0.6151871,17z/data=!3m1!4b1!4m5!3m4!1s0x4878e4cca01e85af:0xbf39f9942f36a1cf!8m2!3d53.563433!4d-0.6152319", "chain": "Beefeater", "nearest_external_pub": {"name": "Ashby Lodge", "lat": 53.5665366, "lon": -0.6143858, "distance_km": 0.371}}}, {"type": "Feature", "geometry": {"type": "Point", "coordinates": [-1.29836, 51.618914]}, "properties": {"id": "41010360", "title": "The Applecart", "path": "/en-gb/locations/oxford/the-applecart", "latitude": "51.618914", "longitude": "-1.298360", "address1": "Milton Interchange", "address2": "Milton", "address3": "Abingdon", "address4": "OX14 4TX", "contactInfo": "01235 835168", "googleMapURL": "https://www.google.com/maps/search/?api=1&query=Beefeater+OX14+4TX", "chain": "Beefeater", "nearest_external_pub": {"name": "The Plum Pudding", "lat": 51.627884, "lon": -1.2995226, "distance_km": 1.001}}}, {"type": "Feature", "geometry": {"type": "Point", "coordinates": [-0.751625, 52.039802]}, "properties": {"id": "40010645", "title": "The Barn", "path": "/en-gb/locations/buckinghamshire/the-barn", "latitude": "52.039802", "longitude": "-0.751625", "address1": "Secklow Gate West", "address2": "Milton Keynes", "address3": "Buckinghamshire", "address4": "MK9 3BZ", "contactInfo": "01908 663 388", "googleMapURL": "https://www.google.com/maps/place/The+Barn+(milton+Keynes)+Beefeater/@52.0398557,-0.7517291,17z/data=!3m1!4b1!4m5!3m4!1s0x4877aabe0548b91f:0x8eb3f95d3697d817!8m2!3d52.0397362!4d-0.7517687", "chain": "Beefeater", "nearest_external_pub": {"name": "The Moon Under Water", "lat": 52.0418811, "lon": -0.7489833, "distance_km": 0.293}}}, {"type": "Feature", "geometry": {"type": "Point", "coordinates": [0.239176, 51.457205]}, "properties": {"id": "40534365", "title": "The Beacon", "path": "/en-gb/locations/kent/the-beacon", "latitude": "51.457205", "longitude": "0.239176", "address1": "Halcrow Avenue", "address2": "Dartford", "address3": "Kent", "address4": "DA1 5PR", "contactInfo": "01322 629 022", "googleMapURL": "https://www.google.com/maps/search/?api=1&query=Beefeater+DA1+5PR", "chain": "Beefeater", "nearest_external_pub": {"name": "The Wharf", "lat": 51.4529444, "lon": 0.2538003, "distance_km": 1.119}}}, {"type": "Feature", "geometry": {"type": "Point", "coordinates": [-3.535412, 50.463692]}, "properties": {"id": "40027175", "title": "The Belgrave", "path": "/en-gb/locations/devon/the-belgrave", "latitude": "50.463692", "longitude": "-3.535412", "address1": "Seafront", "address2": "Belgrave Road", "address3": "Torquay", "address4": "TQ2 5HE", "contactInfo": "01803 202 282", "googleMapURL": "https://www.google.com/maps/place/The+Belgrave+Beefeater/@50.463616,-3.5354565,17z/data=!3m1!4b1!4m5!3m4!1s0x486d0fdee0d0389f:0x65c741c1032ef40e!8m2!3d50.4635357!4d-3.5354141", "chain": "Beefeater", "nearest_external_pub": {"name": "White Hart", "lat": 50.4674277, "lon": -3.5315476, "distance_km": 0.497}}}, {"type": "Feature", "geometry": {"type": "Point", "coordinates": [-0.402578, 51.873583]}, "properties": {"id": "40011080", "title": "The Brache", "path": "/en-gb/locations/bedfordshire/the-brache", "latitude": "51.873583", "longitude": "-0.402578", "address1": "Osborne Road", "address2": "Luton", "address3": "Bedfordshire", "address4": "LU1 3HJ", "contactInfo": "01582 420 208", "googleMapURL": "https://www.google.com/maps/place/The+Brache+Beefeater/@51.873503,-0.402096,17z/data=!3m1!4b1!4m5!3m4!1s0x4876483fc6acac65:0x4d661fbee4284542!8m2!3d51.873503!4d-0.402096", "chain": "Beefeater", "nearest_external_pub": {"name": "The Chequers", "lat": 51.8755604, "lon": -0.4088401, "distance_km": 0.483}}}, {"type": "Feature", "geometry": {"type": "Point", "coordinates": [-1.30829, 53.419811]}, "properties": {"id": "40011160", "title": "The Brecks", "path": "/en-gb/locations/south-yorkshire/the-brecks", "latitude": "53.419811", "longitude": "-1.30829", "address1": "Wickersley Road", "address2": "Rotherham", "address3": "South Yorkshire", "address4": "S65 3JB", "contactInfo": "01709 543 216", "googleMapURL": "https://www.google.com/maps/place/The+Brecks+Beefeater/@53.4199318,-1.3080506,17z/data=!3m1!4b1!4m5!3m4!1s0x487975cdd7052a6b:0xb8bb3414aefe45ac!8m2!3d53.4198692!4d-1.3079741", "chain": "Beefeater", "nearest_external_pub": {"name": "The Stag", "lat": 53.4188521, "lon": -1.3211922, "distance_km": 0.862}}}, {"type": "Feature", "geometry": {"type": "Point", "coordinates": [0.158615, 51.405337]}, "properties": {"id": "40533795", "title": "The Bull", "path": "/en-gb/locations/kent/the-bull", "latitude": "51.405337", "longitude": "0.158615", "address1": "London Road", "address2": "Swanley", "address3": "Kent", "address4": "BR8 7QD", "contactInfo": "01322 610 021", "googleMapURL": "https://www.google.com/maps/search/?api=1&query=Beefeater+BR8+7QD", "chain": "Beefeater", "nearest_external_pub": {"name": "The Cotton Mill", "lat": 51.3950476, "lon": 0.1754828, "distance_km": 1.637}}}, {"type": "Feature", "geometry": {"type": "Point", "coordinates": [-2.922471, 51.602606]}, "properties": {"id": "40011855", "title": "The Coldra", "path": "/en-gb/locations/newport/the-coldra", "latitude": "51.602606", "longitude": "-2.922471", "address1": "Coldra Junction, Chepstow Road", "address2": "Langstone", "address3": "Newport", "address4": "NP18 2NX", "contactInfo": "01633 411 390", "googleMapURL": "https://www.google.com/maps/search/?api=1&query=Beefeater+NP18+2NX", "chain": "Beefeater", "nearest_external_pub": {"name": "Cellar Bar", "lat": 51.6020174, "lon": -2.9309427, "distance_km": 0.589}}}, {"type": "Feature", "geometry": {"type": "Point", "coordinates": [-0.688951, 51.368838]}, "properties": {"id": "40012080", "title": "The Cricketers", "path": "/en-gb/locations/surrey/the-cricketers", "latitude": "51.368838", "longitude": "-0.688951", "address1": "1 London Road", "address2": "Bagshot", "address3": "Surrey", "address4": "GU19 5HR", "contactInfo": "01276 473 196", "googleMapURL": "https://www.google.com/maps/place/The+Cricketers+Beefeater/@51.3692312,-0.6885668,17z/data=!3m1!4b1!4m5!3m4!1s0x48767f139bb5afd7:0x6a930d94771fc692!8m2!3d51.3691902!4d-0.6884443", "chain": "Beefeater", "nearest_external_pub": {"name": "Three Mariners", "lat": 51.3620488, "lon": -0.6914967, "distance_km": 0.775}}}, {"type": "Feature", "geometry": {"type": "Point", "coordinates": [-1.145619, 53.309412]}, "properties": {"id": "40538230", "title": "The Dukes", "path": "/en-gb/locations/nottingham/the-dukes-worksop", "latitude": "53.309412", "longitude": " -1.145619", "address1": "High Grounds Road", "address2": "Ryton View, Worksop", "address3": "Nottinghamshire", "address4": "S80 3GN", "contactInfo": "01909 494788", "googleMapURL": "https://www.google.co.uk/maps/place/Rhodesia,+Worksop+S80+3AT/@53.309807,-1.1457431,18.17z/data=!4m5!3m4!1s0x4879a16f4e365175:0xd95c90bd6869a0d1!8m2!3d53.3100526!4d-1.1477152", "chain": "Beefeater", "nearest_external_pub": {"name": "The Lock Keeper", "lat": 53.3117106, "lon": -1.1437477, "distance_km": 0.284}}}, {"type": "Feature", "geometry": {"type": "Point", "coordinates": [-2.485533, 53.09547]}, "properties": {"id": "40012720", "title": "The Farmhouse", "path": "/en-gb/locations/cheshire/the-farmhouse", "latitude": "53.09547", "longitude": "-2.485533", "address1": "Coppenhall Lane", "address2": "Woolstanwood", "address3": "Crewe", "address4": "CW2 8SD", "contactInfo": "01270 251 126", "googleMapURL": "https://www.google.com/maps/place/The+Farmhouse+Beefeater/@53.0956883,-2.4851016,17z/data=!3m1!4b1!4m5!3m4!1s0x487af5da63ee4f1d:0x3edd2ceeccded2ff!8m2!3d53.0956883!4d-2.4851016", "chain": "Beefeater", "nearest_external_pub": {"name": "The Rising Sun", "lat": 53.0914044, "lon": -2.489243, "distance_km": 0.516}}}, {"type": "Feature", "geometry": {"type": "Point", "coordinates": [-0.360329, 51.439176]}, "properties": {"id": "40012785", "title": "The Fountain", "path": "/en-gb/locations/greater-london/the-fountain", "latitude": "51.439176", "longitude": "-0.360329", "address1": "Corner Sixth Cross & Staines Road", "address2": "Twickenham", "address3": "London", "address4": "TW2 5PE", "contactInfo": "020 8898 2382", "googleMapURL": "https://www.google.com/maps/search/?api=1&query=Beefeater+TW2+5PE", "chain": "Beefeater", "nearest_external_pub": {"name": "The Bloomsbury", "lat": 51.4417419, "lon": -0.3526782, "distance_km": 0.602}}}, {"type": "Feature", "geometry": {"type": "Point", "coordinates": [1.733581, 52.498815]}, "properties": {"id": "40012810", "title": "The Foxburrow", "path": "/en-gb/locations/suffolk/the-foxburrow", "latitude": "52.498815", "longitude": "1.733581", "address1": "249 Yarmouth Road", "address2": "Lowestoft", "address3": "Suffolk", "address4": "NR32 4AA", "contactInfo": "01502 572 441", "googleMapURL": "https://www.google.com/maps/search/?api=1&query=Beefeater+NR32+4AA", "chain": "Beefeater", "nearest_external_pub": {"name": "The Blue Boar", "lat": 52.4946737, "lon": 1.7200941, "distance_km": 1.023}}}, {"type": "Feature", "geometry": {"type": "Point", "coordinates": [-2.55107, 51.50909]}, "properties": {"id": "40538195", "title": "The Gifford", "path": "/en-gb/locations/bristol/the-gifford", "latitude": "51.50909", "longitude": "-2.55107", "address1": "Unit 3B Fox Den Road", "address2": "Bristol", "address3": " Stoke Gifford", "address4": "BS34 8EF", "contactInfo": "01179 814110", "googleMapURL": "https://maps.app.goo.gl/B9iVR83vu5x95Fcp8", "chain": "Beefeater", "nearest_external_pub": {"name": "The Fox Den", "lat": 51.5076527, "lon": -2.5562837, "distance_km": 0.395}}}, {"type": "Feature", "geometry": {"type": "Point", "coordinates": [-0.298573, 52.556911]}, "properties": {"id": "40013190", "title": "The Granary", "path": "/en-gb/locations/cambridgeshire/the-granary", "latitude": "52.556911", "longitude": "-0.298573", "address1": "Ham Lane, Orton Meadows", "address2": "Nene Park", "address3": "Peterborough", "address4": "PE2 5UU", "contactInfo": "01733 235 794", "googleMapURL": "https://www.google.com/maps/place/Beefeater+Granary/@52.5568857,-0.298552,17z/data=!3m1!4b1!4m5!3m4!1s0x4877f2238196c717:0xa7ccd9cbbcc6e663!8m2!3d52.5568857!4d-0.298552", "chain": "Beefeater", "nearest_external_pub": {"name": "The Windmill Bar And Restaurant", "lat": 52.5508627, "lon": -0.2972456, "distance_km": 0.679}}}, {"type": "Feature", "geometry": {"type": "Point", "coordinates": [-1.4739, 52.4966]}, "properties": {"id": "40013280", "title": "The Griff House", "path": "/en-gb/locations/warwickshire/griff-house", "latitude": "52.4966", "longitude": "-1.4739", "address1": "Coventry Road", "address2": "Nuneaton", "address3": "Warwickshire", "address4": "CV10 7PJ", "contactInfo": "02476 343 584", "googleMapURL": "https://www.google.com/maps/place/The+Griff+House+Beefeater/@52.4965388,-1.4737399,17z/data=!3m1!4b1!4m5!3m4!1s0x48774e0de64f98ad:0x7b69d56b84c4e555!8m2!3d52.4965388!4d-1.4737399", "chain": "Beefeater", "nearest_external_pub": {"name": "The Newdigate", "lat": 52.4833165, "lon": -1.4830754, "distance_km": 1.602}}}, {"type": "Feature", "geometry": {"type": "Point", "coordinates": [0.466801, 51.550805]}, "properties": {"id": "40013520", "title": "The Haywain", "path": "/en-gb/locations/essex/the-haywain", "latitude": "51.550805", "longitude": "0.466801", "address1": "High Road", "address2": "Fobbing", "address3": "Stanford Le Hope", "address4": "SS17 9NR", "contactInfo": "01268 554 500", "googleMapURL": "https://www.google.com/maps/place/Beefeater+Haywain/@51.5506248,0.4665476,17z/data=!3m1!4b1!4m5!3m4!1s0x47d8c679547f5deb:0xe8bba20337a168c5!8m2!3d51.5506248!4d0.4665476", "chain": "Beefeater", "nearest_external_pub": {"name": "The Owl and The Pussycat", "lat": 51.5636188, "lon": 0.463838, "distance_km": 1.439}}}, {"type": "Feature", "geometry": {"type": "Point", "coordinates": [-0.350343, 53.793543]}, "properties": {"id": "41014260", "title": "The Kingswood", "path": "/en-gb/locations/east-yorkshire/the-kingswood", "latitude": "53.793543", "longitude": "-0.350343", "address1": "Kingswood Park", "address2": "Ennerdale", "address3": "Kingston Upon Hull, Humberside", "address4": "HU7 3DD", "contactInfo": "01482 820 225", "googleMapURL": "https://www.google.com/maps/place/Beefeater+The+Kingswood/@53.7936744,-0.3506464,17z/data=!3m1!4b1!4m5!3m4!1s0x4878bee441bdddc7:0x1eb33c15a8a0b025!8m2!3d53.7935381!4d-0.3506926", "chain": "Beefeater", "nearest_external_pub": {"name": "Rising Sun", "lat": 53.7885922, "lon": -0.3621306, "distance_km": 0.95}}}, {"type": "Feature", "geometry": {"type": "Point", "coordinates": [-1.701744, 52.629429]}, "properties": {"id": "40014310", "title": "The Ladybridge", "path": "/en-gb/locations/staffordshire/the-ladybridge", "latitude": "52.629429", "longitude": "-1.701744", "address1": "Bonehill Road", "address2": "Bitterscote", "address3": "Tamworth", "address4": "B78 3HE", "contactInfo": "01827 54 414", "googleMapURL": "https://www.google.com/maps/place/The+Ladybridge+Beefeater/@52.6290561,-1.7011987,16.73z/data=!4m5!3m4!1s0x4870a968871a1f3f:0x5725fa291fa8c4e0!8m2!3d52.6293425!4d-1.7015975", "chain": "Beefeater", "nearest_external_pub": {"name": "The Old Bank House", "lat": 52.6331524, "lon": -1.697617, "distance_km": 0.499}}}, {"type": "Feature", "geometry": {"type": "Point", "coordinates": [-1.111974, 53.506861]}, "properties": {"id": "40014335", "title": "The Lakeside", "path": "/en-gb/locations/south-yorkshire/the-lakeside", "latitude": "53.506861", "longitude": "-1.111974", "address1": "South Entry Drive", "address2": "White Rose Way", "address3": "Doncaster", "address4": "DN4 5PJ", "contactInfo": "01302 361 134", "googleMapURL": "https://www.google.com/maps/place/The+Lakeside+Beefeater/@53.5066049,-1.1121458,17z/data=!3m1!4b1!4m5!3m4!1s0x48790e8540bf92d7:0x17f27741aca0356c!8m2!3d53.5066049!4d-1.1121458", "chain": "Beefeater", "nearest_external_pub": {"name": "Brewers Fayre", "lat": 53.512377, "lon": -1.1045639, "distance_km": 0.785}}}, {"type": "Feature", "geometry": {"type": "Point", "coordinates": [-3.388465, 51.543697]}, "properties": {"id": "40027585", "title": "The Longbow", "path": "/en-gb/locations/rhondda-cynon-taff/the-longbow", "latitude": "51.543697", "longitude": "-3.388465", "address1": "Magden Park, Gwaun Elai", "address2": "Llantrisant", "address3": "Rhondda Cynon Taff", "address4": "CF72 8XL", "contactInfo": "01443 233 952", "googleMapURL": "https://www.google.com/maps/place/The+Longbow+Beefeater/@51.54358,-3.3883144,17z/data=!3m1!4b1!4m5!3m4!1s0x486e115262a6bc8d:0x7ab4487a64b8ee12!8m2!3d51.5435385!4d-3.3883092", "chain": "Beefeater", "nearest_external_pub": {"name": "The Talbot Arms", "lat": 51.5367667, "lon": -3.3863169, "distance_km": 0.785}}}, {"type": "Feature", "geometry": {"type": "Point", "coordinates": [-1.203068, 51.73103]}, "properties": {"id": "40014640", "title": "The Longwall", "path": "/en-gb/locations/oxford/the-longwall", "latitude": "51.73103", "longitude": "-1.203068", "address1": "Oxford Business Park", "address2": "Garsington Road", "address3": "Oxford", "address4": "OX4 2JT", "contactInfo": "01865 779 230", "googleMapURL": "https://www.google.com/maps/place/The+Longwall+Beefeater/@51.731051,-1.203144,17z/data=!3m1!4b1!4m5!3m4!1s0x4876c10f4be4a2f1:0xc876148656612029!8m2!3d51.731051!4d-1.203144", "chain": "Beefeater", "nearest_external_pub": {"name": "Cowley Workers Social Club", "lat": 51.7334248, "lon": -1.2133682, "distance_km": 0.758}}}, {"type": "Feature", "geometry": {"type": "Point", "coordinates": [-1.85199, 51.548096]}, "properties": {"id": "40014660", "title": "The Lydiard", "path": "/en-gb/locations/wiltshire/the-lydiard", "latitude": "51.548096", "longitude": "-1.85199", "address1": "Lydiard Fields", "address2": "Great Western Way", "address3": "Swindon", "address4": "SN5 8UB", "contactInfo": "01793 881 490", "googleMapURL": "https://www.google.com/maps/place/The+Lydiard+Beefeater/@51.5480513,-1.8521479,17z/data=!3m1!4b1!4m5!3m4!1s0x487143a5d483d269:0x436f7d8748bc2d2f!8m2!3d51.5480427!4d-1.8521147", "chain": "Beefeater", "nearest_external_pub": {"name": "The Windmill", "lat": 51.5502545, "lon": -1.840495, "distance_km": 0.83}}}, {"type": "Feature", "geometry": {"type": "Point", "coordinates": [-4.08906, 50.390894]}, "properties": {"id": "40014870", "title": "The Marsh Mills ", "path": "/en-gb/locations/devon/marsh-mills", "latitude": "50.390894", "longitude": "-4.08906", "address1": "300 Plymouth Road", "address2": "Crabtree", "address3": "Plymouth", "address4": "PL3 6RW", "contactInfo": "01752 600 660", "googleMapURL": "https://www.google.com/maps/place/The+Marsh+Mills+Beefeater/@50.3909171,-4.0889455,17z/data=!3m1!4b1!4m5!3m4!1s0x486cec5616daf0ad:0x825b39e5f7bfd63f!8m2!3d50.3909171!4d-4.0889455", "chain": "Beefeater", "nearest_external_pub": {"name": "Windmill Inn", "lat": 50.4012266, "lon": -4.0949226, "distance_km": 1.222}}}, {"type": "Feature", "geometry": {"type": "Point", "coordinates": [-1.94387, 52.111935]}, "properties": {"id": "41019105", "title": "The Orchard", "path": "/en-gb/locations/worcestershire/the-orchard", "latitude": "52.111935", "longitude": "-1.94387", "address1": "Twyford", "address2": "Evesham", "address3": "Worcestershire", "address4": "WR11 4TP", "contactInfo": "01386 444 300", "googleMapURL": "https://www.google.com/maps/place/The+Orchard+Beefeater/@52.1185296,-2.0030578,12.54z/data=!4m5!3m4!1s0x4870dd932194bbdd:0x7f05b269f077bf75!8m2!3d52.1127683!4d-1.9385467", "chain": "Beefeater", "nearest_external_pub": {"name": "Bridge Inn", "lat": 52.1101529, "lon": -1.9284593, "distance_km": 1.071}}}, {"type": "Feature", "geometry": {"type": "Point", "coordinates": [-2.957023, 53.490172]}, "properties": {"id": "40015845", "title": "The Packet Steamer", "path": "/en-gb/locations/merseyside/packet-steamer", "latitude": "53.490172", "longitude": "-2.957023", "address1": "Northern Perimeter Road, Merseyside", "address2": "Bootle, Liverpool", "address3": "Merseyside", "address4": "L30 7PT", "contactInfo": "0151 531 1497", "googleMapURL": "https://www.google.com/maps/place/The+Packet+Steamer+Beefeater/@53.4900568,-2.9565854,17z/data=!3m1!4b1!4m5!3m4!1s0x487b2310163554b3:0xe52974d2c5ed4868!8m2!3d53.4900568!4d-2.9565854", "chain": "Beefeater", "nearest_external_pub": {"name": "Old Roan", "lat": 53.4863986, "lon": -2.9504891, "distance_km": 0.602}}}, {"type": "Feature", "geometry": {"type": "Point", "coordinates": [-2.948975, 51.344234]}, "properties": {"id": "40015925", "title": "The Pavilion", "path": "/en-gb/locations/somerset/the-pavilion", "latitude": "51.344234", "longitude": "-2.948975", "address1": "Hutton Moor Road", "address2": "Weston-Super-Mare", "address3": "North Somerset", "address4": "BS22 8LY", "contactInfo": "01934 622 625", "googleMapURL": "https://www.google.com/maps/place/The+Pavilion+Beefeater/@51.3438841,-2.9498329,17z/data=!3m1!4b1!4m5!3m4!1s0x4871f8e3d988b9b3:0xa88265e7f1832fe4!8m2!3d51.3438841!4d-2.9498329", "chain": "Beefeater", "nearest_external_pub": {"name": "The Borough Arms", "lat": 51.3501962, "lon": -2.9428483, "distance_km": 0.788}}}, {"type": "Feature", "geometry": {"type": "Point", "coordinates": [1.259959, 51.111123]}, "properties": {"id": "40016025", "title": "The Plough", "path": "/en-gb/locations/kent/the-plough", "latitude": "51.111123", "longitude": "1.259959", "address1": "Folkestone Road", "address2": "Dover", "address3": "Kent", "address4": "CT15 7AB", "contactInfo": "01304 213 339", "googleMapURL": "https://www.google.com/maps/place/The+Plough+Beefeater/@51.111043,1.259959,17z/data=!3m1!4b1!4m5!3m4!1s0x47debba1f285f4d3:0x8599d04f5d443ed5!8m2!3d51.1110262!4d1.2599739", "chain": "Beefeater", "nearest_external_pub": {"name": "The Royal Oak", "lat": 51.1029384, "lon": 1.2318318, "distance_km": 2.164}}}, {"type": "Feature", "geometry": {"type": "Point", "coordinates": [-1.74313, 50.742125]}, "properties": {"id": "40017150", "title": "The Somerford", "path": "/en-gb/locations/dorset/the-somerford", "latitude": "50.742125", "longitude": "-1.74313", "address1": "Somerford Road", "address2": "Christchurch", "address3": "Dorset", "address4": "BH23 3QG", "contactInfo": "01202 485 376", "googleMapURL": "https://www.google.com/maps/place/The+Somerford+Beefeater/@50.7423064,-1.7428884,17z/data=!3m1!4b1!4m5!3m4!1s0x48739c7333b0a117:0x4e4ea9e887b4572f!8m2!3d50.74229!4d-1.7428579", "chain": "Beefeater", "nearest_external_pub": {"name": "The Sandpiper", "lat": 50.7348374, "lon": -1.7336757, "distance_km": 1.048}}}, {"type": "Feature", "geometry": {"type": "Point", "coordinates": [-0.995851, 51.447541]}, "properties": {"id": "40017200", "title": "The Southcote", "path": "/en-gb/locations/berkshire/the-southcote", "latitude": "51.447541", "longitude": "-0.995851", "address1": "Southcote Lane", "address2": "Reading", "address3": "Berkshire", "address4": "RG30 3AB", "contactInfo": "0118 957 2685", "googleMapURL": "https://www.google.com/maps/place/The+Southcote+Beefeater/@51.447627,-0.995909,17z/data=!3m1!4b1!4m5!3m4!1s0x48769b08806babfd:0x7fcc8ca907ee4825!8m2!3d51.4475855!4d-0.9958185", "chain": "Beefeater", "nearest_external_pub": {"name": "Foresters Arms", "lat": 51.4505631, "lon": -0.9894374, "distance_km": 0.557}}}, {"type": "Feature", "geometry": {"type": "Point", "coordinates": [-1.28701, 54.566662]}, "properties": {"id": "40017695", "title": "The Talpore", "path": "/en-gb/locations/county-durham/the-talpore", "latitude": "54.566662", "longitude": "-1.28701", "address1": "White Water Way", "address2": "Thornaby", "address3": "Stockton-on-Tees", "address4": "TS17 6QB", "contactInfo": "01642 671 573", "googleMapURL": "https://www.google.com/maps/place/The+Talpore+Beefeater/@54.5670894,-1.2843042,17z/data=!3m1!4b1!4m5!3m4!1s0x487e92da7e767a67:0x9b374007206505e2!8m2!3d54.5670638!4d-1.2843484", "chain": "Beefeater", "nearest_external_pub": {"name": "Unnamed Pub", "lat": 54.5704273, "lon": -1.2992803, "distance_km": 0.895}}}, {"type": "Feature", "geometry": {"type": "Point", "coordinates": [-0.985698, 52.235535]}, "properties": {"id": "40017895", "title": "The Turnpike", "path": "/en-gb/locations/northamptonshire/the-turnpike", "latitude": "52.235535", "longitude": "-0.985698", "address1": "Harpole Turn, Weedon Road", "address2": "Harpole", "address3": "Northampton", "address4": "NN7 4DD", "contactInfo": "01604 832 340", "googleMapURL": "https://www.google.com/maps/place/Turnpike+Beefeater/@52.235632,-0.985642,17z/data=!3m1!4b1!4m5!3m4!1s0x487711ce1a66ad7d:0x467431c3c7039b95!8m2!3d52.235632!4d-0.985642", "chain": "Beefeater", "nearest_external_pub": {"name": "Cromwell Cottage", "lat": 52.2312125, "lon": -0.9774432, "distance_km": 0.74}}}, {"type": "Feature", "geometry": {"type": "Point", "coordinates": [-3.924824, 51.620923]}, "properties": {"id": "40032560", "title": "The Waterfront", "path": "/en-gb/locations/swansea/the-waterfront", "latitude": "51.620923", "longitude": "-3.924824", "address1": "The Waterfront Development", "address2": "Langdon Road", "address3": "Swansea", "address4": "SA1 8PL", "contactInfo": "01792 452 514", "googleMapURL": "https://www.google.com/maps/place/The+Waterfront+Beefeater/@51.6200177,-3.9285504,17z/data=!3m1!4b1!4m5!3m4!1s0x486ef54d64a69bb5:0x6cfed51751aa7763!8m2!3d51.6200177!4d-3.9285504", "chain": "Beefeater", "nearest_external_pub": {"name": "Village Pub and Grill", "lat": 51.6212211, "lon": -3.9227467, "distance_km": 0.147}}}, {"type": "Feature", "geometry": {"type": "Point", "coordinates": [-2.360127, 52.768882]}, "properties": {"id": "40028830", "title": "Three Fish", "path": "/en-gb/locations/shropshire/the-three-fish", "latitude": "52.768882", "longitude": "-2.360127", "address1": "Stafford Road", "address2": "Newport", "address3": "Shropshire", "address4": "TF10 9BY", "contactInfo": "01952 822 981", "googleMapURL": "https://www.google.com/maps/place/The+Three+Fish+Beefeater/@52.7688047,-2.3606252,17z/data=!3m1!4b1!4m5!3m4!1s0x487a7dd138d52b7d:0x6df13c06b0bc6f38!8m2!3d52.7688047!4d-2.3606252", "chain": "Beefeater", "nearest_external_pub": {"name": "New Inn", "lat": 52.769972, "lon": -2.37582, "distance_km": 1.063}}}, {"type": "Feature", "geometry": {"type": "Point", "coordinates": [-0.316925, 51.582554]}, "properties": {"id": "40017860", "title": "Travellers Rest", "path": "/en-gb/locations/greater-london/travellers-rest", "latitude": "51.582554", "longitude": "-0.316925", "address1": "Kenton Road", "address2": "Harrow", "address3": "Middlesex", "address4": "HA3 8AT", "contactInfo": "020 8907 1671", "googleMapURL": "https://www.google.com/maps/search/?api=1&query=Beefeater+HA3+8AT", "chain": "Beefeater", "nearest_external_pub": {"name": "Fizz Sports Bar", "lat": 51.5833557, "lon": -0.3141481, "distance_km": 0.212}}}, {"type": "Feature", "geometry": {"type": "Point", "coordinates": [-2.139711, 51.83952]}, "properties": {"id": "40017910", "title": "Twelve Bells", "path": "/en-gb/locations/gloucestershire/twelve-bells", "latitude": "51.83952", "longitude": "-2.139711", "address1": "Witcombe", "address2": "Gloucester", "address3": "Gloucestershire", "address4": "GL3 4SS", "contactInfo": "01452 862521", "googleMapURL": "https://www.google.com/maps/search/?api=1&query=Beefeater+GL3+4SS", "chain": "Beefeater", "nearest_external_pub": {"name": "The Victoria Inn", "lat": 51.8496395, "lon": -2.1692512, "distance_km": 2.32}}}, {"type": "Feature", "geometry": {"type": "Point", "coordinates": [-3.265278, 51.452977]}, "properties": {"id": "40018035", "title": "Walston Castle", "path": "/en-gb/locations/cardiff/walston-castle", "latitude": "51.452977", "longitude": "-3.265278", "address1": "Port Road, Nantisaf", "address2": "Wenvoe", "address3": "Cardiff", "address4": "CF5 6DD", "contactInfo": "02920 593 896", "googleMapURL": "https://www.google.com/maps/place/Walston+Castle+Beefeater/@51.4531427,-3.265315,17z/data=!3m1!4b1!4m5!3m4!1s0x486e051504af2589:0xfc674fe21d560951!8m2!3d51.4531499!4d-3.2652729", "chain": "Beefeater", "nearest_external_pub": {"name": "The Wenvoe Arms", "lat": 51.4473177, "lon": -3.2646441, "distance_km": 0.631}}}, {"type": "Feature", "geometry": {"type": "Point", "coordinates": [-0.025835, 51.80631]}, "properties": {"id": "40536770", "title": "Ware", "path": "/en-gb/locations/hertfordshire/ware", "latitude": "51.806310", "longitude": "-0.025835", "address1": "Marsh Lane", "address2": "Ware", "address3": "Hertfordshire", "address4": "SG12 9QB", "contactInfo": "01920 459859", "googleMapURL": "https://www.google.com/maps/search/?api=1&query=Beefeater+SG12+9QB", "chain": "Beefeater", "nearest_external_pub": {"name": "The Royal Oak", "lat": 51.8071882, "lon": -0.0290118, "distance_km": 0.239}}}, {"type": "Feature", "geometry": {"type": "Point", "coordinates": [0.496965, 51.580423]}, "properties": {"id": "40018090", "title": "Watermill", "path": "/en-gb/locations/essex/the-watermill", "latitude": "51.580423", "longitude": "0.496965", "address1": "Felmores", "address2": "East Mayne", "address3": "Basildon", "address4": "SS13 1BW", "contactInfo": "01268 522 227", "googleMapURL": "https://www.google.com/maps/place/The+Watermill+Beefeater/@51.5804238,0.4970093,17z/data=!3m1!4b1!4m5!3m4!1s0x47d8c46d0e285b11:0x4ee212ac5564beb1!8m2!3d51.5804238!4d0.4970093", "chain": "Beefeater", "nearest_external_pub": {"name": "The Crane", "lat": 51.5825551, "lon": 0.4932908, "distance_km": 0.347}}}, {"type": "Feature", "geometry": {"type": "Point", "coordinates": [0.627925, 50.887955]}, "properties": {"id": "40018330", "title": "White Hart", "path": "/en-gb/locations/sussex/white-hart", "latitude": "50.887955", "longitude": "0.627925", "address1": "Winchelsea Road", "address2": "Guestling", "address3": "Hastings", "address4": "TN35 4LW", "contactInfo": "01424 813 187", "googleMapURL": "https://www.google.com/maps/place/White+Hart+Beefeater/@50.887684,0.625693,17z/data=!3m1!4b1!4m5!3m4!1s0x47df1b9fafb14915:0x2611df20c9d1a8ed!8m2!3d50.887684!4d0.625693", "chain": "Beefeater", "nearest_external_pub": {"name": "The Three Oaks", "lat": 50.9020329, "lon": 0.6145597, "distance_km": 1.825}}}, {"type": "Feature", "geometry": {"type": "Point", "coordinates": [-3.072151, 51.022934]}, "properties": {"id": "40018345", "title": "White Lodge", "path": "/en-gb/locations/somerset/white-lodge", "latitude": "51.022934", "longitude": "-3.072151", "address1": "81 Bridgwater Road", "address2": "Taunton", "address3": "Somerset", "address4": "TA1 2DU", "contactInfo": "01823 321 112", "googleMapURL": "https://www.google.com/maps/place/White+Lodge+Beefeater/@51.0228394,-3.0722094,17z/data=!3m1!4b1!4m5!3m4!1s0x486df5a318e8f7e7:0xfb141aa3221d6593!8m2!3d51.0227904!4d-3.0722134", "chain": "Beefeater", "nearest_external_pub": {"name": "The Hankridge Arms", "lat": 51.0209318, "lon": -3.0643028, "distance_km": 0.592}}}, {"type": "Feature", "geometry": {"type": "Point", "coordinates": [-3.578775, 50.412839]}, "properties": {"id": "40534785", "title": "White Rock", "path": "/en-gb/locations/devon/white-rock", "latitude": "50.412839", "longitude": "-3.578775", "address1": "White Rock", "address2": "Long Road South", "address3": "Paignton", "address4": "TQ4 7RZ", "contactInfo": "01803 698931", "googleMapURL": "https://www.google.com/maps/place/White+Rock+Beefeater/@50.4140552,-3.579712,17z/data=!3m1!4b1!4m5!3m4!1s0x486d1a577827fa0d:0x32ad80df95c5e93c!8m2!3d50.4140552!4d-3.579712", "chain": "Beefeater", "nearest_external_pub": {"name": "Waterside Inn", "lat": 50.418696, "lon": -3.5620305, "distance_km": 1.353}}}, {"type": "Feature", "geometry": {"type": "Point", "coordinates": [-2.164435, 53.522535]}, "properties": {"id": "40018370", "title": "Whitegate Inn", "path": "/en-gb/locations/lancashire/whitegate-inn", "latitude": "53.522535", "longitude": "-2.164435", "address1": "Broadway", "address2": "Chadderton", "address3": "Oldham", "address4": "OL9 8DW", "contactInfo": "0161 681 1373", "googleMapURL": "https://www.google.com/maps/search/?api=1&query=Beefeater+OL9+8DW", "chain": "Beefeater", "nearest_external_pub": {"name": "Boat and Horses Pub", "lat": 53.527872, "lon": -2.1594657, "distance_km": 0.678}}}, {"type": "Feature", "geometry": {"type": "Point", "coordinates": [-1.447347, 55.04775]}, "properties": {"id": "40537540", "title": "Whitley Bay", "path": "/en-gb/locations/northumberland/whitley-bay", "latitude": "55.047750", "longitude": "-1.447347", "address1": "9 Spanish City Plaza", "address2": "Whitley Bay", "address3": "Tyne & Wear", "address4": "NE26 1GB", "contactInfo": "01915 002 196", "googleMapURL": "https://www.google.com/maps/place/Whitley+Bay+Beefeater/@55.0471451,-1.4460081,17z/data=!3m1!4b1!4m5!3m4!1s0x487e6c25f1452517:0xd51e16246e7d4d29!8m2!3d55.0470609!4d-1.4459668", "chain": "Beefeater", "nearest_external_pub": {"name": "Noir Drinks Lounge", "lat": 55.0457464, "lon": -1.4439253, "distance_km": 0.312}}}, {"type": "Feature", "geometry": {"type": "Point", "coordinates": [0.817327, 51.184758]}, "properties": {"id": "40018555", "title": "Woolpack", "path": "/en-gb/locations/kent/the-woolpack", "latitude": "51.184758", "longitude": "0.817327", "address1": "Maidstone Road, Hothfield Common", "address2": "Hothfield", "address3": "Nr Ashford, Kent", "address4": "TN26 1AP", "contactInfo": "01233 713 000", "googleMapURL": "https://www.google.com/maps/search/?api=1&query=Beefeater+TN26+1AP", "chain": "Beefeater", "nearest_external_pub": {"name": "The Hop Pickers", "lat": 51.1878324, "lon": 0.8135448, "distance_km": 0.432}}}, {"type": "Feature", "geometry": {"type": "Point", "coordinates": [-3.027484, 51.814972]}, "properties": {"id": "40537580", "title": "Abergavenny", "path": "/en-gb/locations/abergavenny/abergavenny", "latitude": "51.814972", "longitude": "-3.027484", "address1": "Westgate", "address2": "Llanfoist", "address3": "Abergavenny", "address4": "NP7 9LH", "contactInfo": "01873 776 294", "googleMapURL": "https://www.google.com/maps/search/?api=1&query=Brewers+Fayre+NP7+9LH", "chain": "Brewers Fayre", "nearest_external_pub": {"name": "Brewers Fayre", "lat": 51.8139795, "lon": -3.0259318, "distance_km": 0.154}}}, {"type": "Feature", "geometry": {"type": "Point", "coordinates": [-3.789768, 53.279533]}, "properties": {"id": "41510225", "title": "Afon Conwy", "path": "/en-gb/locations/conwy/afon-conwy", "latitude": "53.279533", "longitude": "-3.789768", "address1": "Glan Conwy Corner", "address2": "Colwyn Bay", "address3": "North Wales", "address4": "LL28 5LB", "contactInfo": "01492 572082", "googleMapURL": "https://www.google.com/maps/search/?api=1&query=Brewers+Fayre+LL28+5LB", "chain": "Brewers Fayre", "nearest_external_pub": {"name": "Maelgwyn Public House", "lat": 53.283084, "lon": -3.8039555, "distance_km": 1.023}}}, {"type": "Feature", "geometry": {"type": "Point", "coordinates": [-0.913153, 53.705954]}, "properties": {"id": "41013145", "title": "Aire & Calder", "path": "/en-gb/locations/yorkshire/aire-&-calder", "latitude": "53.705954", "longitude": "-0.913153", "address1": "Rawcliffe Road", "address2": "Airmyn", "address3": "Goole", "address4": "DN14 8JS", "contactInfo": "01405 722 660", "googleMapURL": "https://www.google.com/maps/search/?api=1&query=Brewers+Fayre+DN14+8JS", "chain": "Brewers Fayre", "nearest_external_pub": {"name": "The Percy Arms", "lat": 53.7167498, "lon": -0.9043417, "distance_km": 1.333}}}, {"type": "Feature", "geometry": {"type": "Point", "coordinates": [-3.151746, 56.181979]}, "properties": {"id": "41510610", "title": "Bankhead Gate", "path": "/en-gb/locations/fife/bankhead-gate", "latitude": "56.181979", "longitude": "-3.151746", "address1": "Beaufort Drive", "address2": "Glenrothes", "address3": "Fife", "address4": "KY7 4UJ", "contactInfo": "01592 773 473", "googleMapURL": "https://www.google.com/maps/search/?api=1&query=Brewers+Fayre+KY7+4UJ", "chain": "Brewers Fayre", "nearest_external_pub": {"name": "Woodside Inn", "lat": 56.1897031, "lon": -3.1501121, "distance_km": 0.865}}}, {"type": "Feature", "geometry": {"type": "Point", "coordinates": [-3.240263, 54.111996]}, "properties": {"id": "40536500", "title": "Barrow-in-Furness", "path": "/en-gb/locations/cumbria/barrow-in-furness", "latitude": "54.111996", "longitude": "-3.240263", "address1": "North Road", "address2": "Barrow-in-Furness", "address3": "Lancashire", "address4": "LA14 2PW", "contactInfo": "01229 440 504", "googleMapURL": "https://www.google.com/maps/search/?api=1&query=Brewers+Fayre+LA14+2PW", "chain": "Brewers Fayre", "nearest_external_pub": {"name": "Brewers Fayre", "lat": 54.1127188, "lon": -3.2388484, "distance_km": 0.122}}}, {"type": "Feature", "geometry": {"type": "Point", "coordinates": [-3.279244, 51.399694]}, "properties": {"id": "40535520", "title": "Barry Island", "path": "/en-gb/locations/vale-of-glamorgan/barry-island", "latitude": "51.399694", "longitude": "-3.279244", "address1": "Triangle Site", "address2": "Fford Y Mileniwm the Waterfront", "address3": "Barry", "address4": "CF62 5QN", "contactInfo": "01446 724 971", "googleMapURL": "https://www.google.com/maps/search/?api=1&query=Brewers+Fayre+CF62+5QN", "chain": "Brewers Fayre", "nearest_external_pub": {"name": "Brewers Fayre", "lat": 51.399519, "lon": -3.2768484, "distance_km": 0.167}}}, {"type": "Feature", "geometry": {"type": "Point", "coordinates": [-0.505031, 52.105701]}, "properties": {"id": "40536380", "title": "Bedford South", "path": "/en-gb/locations/bedfordshire/bedford-south", "latitude": "52.105701", "longitude": "-0.505031", "address1": "Marsh Leys", "address2": "Kempston", "address3": "Bedford", "address4": "MK42 7FY", "contactInfo": "01234 844046", "googleMapURL": "https://www.google.com/maps/search/?api=1&query=Brewers+Fayre+MK42+7FY", "chain": "Brewers Fayre", "nearest_external_pub": {"name": "Brewers Fayre", "lat": 52.1046708, "lon": -0.5070864, "distance_km": 0.181}}}, {"type": "Feature", "geometry": {"type": "Point", "coordinates": [-1.16262, 51.894186]}, "properties": {"id": "40536060", "title": "Bicester", "path": "/en-gb/locations/oxfordshire/bicester", "latitude": "51.894186", "longitude": "-1.16262", "address1": "Oxford Road", "address2": "Bicester", "address3": "Oxfordshire", "address4": "OX26 1BT", "contactInfo": "01869 363 901", "googleMapURL": "https://www.google.com/maps/search/?api=1&query=Brewers+Fayre+OX26+1BT", "chain": "Brewers Fayre", "nearest_external_pub": {"name": "The Acorn", "lat": 51.894273, "lon": -1.15995, "distance_km": 0.183}}}, {"type": "Feature", "geometry": {"type": "Point", "coordinates": [-4.238432, 51.009152]}, "properties": {"id": "40537175", "title": "Bideford", "path": "/en-gb/locations/devon/brewers-fayre-bideford", "latitude": "51.009152", "longitude": "-4.238432", "address1": "Clovelly Road (opp Atlantic Village)", "address2": "Bideford", "address3": "Devon", "address4": "EX39 3QU", "contactInfo": "01237 875100", "googleMapURL": "https://www.google.com/maps/search/?api=1&query=Brewers+Fayre+EX39+3QU", "chain": "Brewers Fayre", "nearest_external_pub": {"name": "Thatched Inn", "lat": 51.0174844, "lon": -4.2471713, "distance_km": 1.11}}}, {"type": "Feature", "geometry": {"type": "Point", "coordinates": [0.706944, 51.351388]}, "properties": {"id": "41511010", "title": "Bobbing Apple", "path": "/en-gb/locations/kent/bobbing-apple", "latitude": "51.351388", "longitude": "0.706944", "address1": "Sheppey Way", "address2": "Bobbing Corner", "address3": "Nr Sittingbourne", "address4": "ME9 8RZ", "contactInfo": "01795 431 890", "googleMapURL": "https://www.google.com/maps/search/?api=1&query=Brewers+Fayre+ME9+8RZ", "chain": "Brewers Fayre", "nearest_external_pub": {"name": "The Long Hop", "lat": 51.345168, "lon": 0.7046383, "distance_km": 0.71}}}, {"type": "Feature", "geometry": {"type": "Point", "coordinates": [-0.254445, 52.329478]}, "properties": {"id": "41011135", "title": "Brampton Hut", "path": "/en-gb/locations/cambridgeshire/brampton-hut", "latitude": "52.329478", "longitude": "-0.254445", "address1": "Great North Road", "address2": "Brampton", "address3": "Huntingdon", "address4": "PE28 4NQ", "contactInfo": "01480 810 800", "googleMapURL": "https://www.google.com/maps/search/?api=1&query=Brewers+Fayre+PE28+4NQ", "chain": "Brewers Fayre", "nearest_external_pub": {"name": "Brewers Fayre", "lat": 52.3322855, "lon": -0.2525515, "distance_km": 0.338}}}, {"type": "Feature", "geometry": {"type": "Point", "coordinates": [0.393748, 51.196585]}, "properties": {"id": "41011355", "title": "Brookers Oast", "path": "/en-gb/locations/kent/brookers-oast", "latitude": "51.196585", "longitude": "0.393748", "address1": "The Hop Farm, Beltring", "address2": "Paddock Wood", "address3": "Tonbridge", "address4": "TN12 6PY", "contactInfo": "01622 872 818", "googleMapURL": "https://www.google.com/maps/search/?api=1&query=Brewers+Fayre+TN12+6PY", "chain": "Brewers Fayre", "nearest_external_pub": {"name": "Hop Farm Diner", "lat": 51.2008237, "lon": 0.3937082, "distance_km": 0.471}}}, {"type": "Feature", "geometry": {"type": "Point", "coordinates": [-0.001961, 52.987701]}, "properties": {"id": "41011440", "title": "Burton House", "path": "/en-gb/locations/lincolnshire/burton-house", "latitude": "52.987701", "longitude": "-0.001961", "address1": "Wainfleet Road", "address2": "Boston", "address3": "Lincolnshire", "address4": "PE21 9RW", "contactInfo": "01205 362 307", "googleMapURL": "https://www.google.com/maps/search/?api=1&query=Brewers+Fayre+PE21+9RW", "chain": "Brewers Fayre", "nearest_external_pub": {"name": "Burton House", "lat": 52.9880374, "lon": -0.0035297, "distance_km": 0.111}}}, {"type": "Feature", "geometry": {"type": "Point", "coordinates": [-2.574406, 51.508983]}, "properties": {"id": "40534425", "title": "CLOSED - Bristol Concorde", "path": "/en-gb/closed-sites/bristol-concorde", "latitude": "51.508983", "longitude": "-2.574406", "address1": "Shield Retail Park", "address2": "Gloucester Road North", "address3": "Filton", "address4": "BS34 7BR", "contactInfo": "0117 906 3102", "googleMapURL": "https://www.google.com/maps/search/?api=1&query=Brewers+Fayre+BS34+7BR", "chain": "Brewers Fayre", "nearest_external_pub": {"name": "The Air Balloon", "lat": 51.5090405, "lon": -2.5761244, "distance_km": 0.119}}}, {"type": "Feature", "geometry": {"type": "Point", "coordinates": [-2.35395, 53.463858]}, "properties": {"id": "41511830", "title": "CLOSED - Coach House", "path": "/en-gb/closed-sites/coach-house", "latitude": "53.463858", "longitude": "-2.35395", "address1": "Trafford Centre", "address2": "Wilderspool Wood", "address3": "Manchester", "address4": "M17 8WW", "contactInfo": "0161 748 3258", "googleMapURL": "https://www.google.com/maps/search/?api=1&query=Brewers+Fayre+M17+8WW", "chain": "Brewers Fayre", "nearest_external_pub": {"name": "The Mardi Gras", "lat": 53.4658536, "lon": -2.3488137, "distance_km": 0.406}}}, {"type": "Feature", "geometry": {"type": "Point", "coordinates": [-0.672805, 50.782884]}, "properties": {"id": "41516530", "title": "CLOSED - Regis", "path": "/en-gb/closed-sites/regis", "latitude": "50.782884", "longitude": "-0.672805", "address1": "The Esplanade", "address2": "Bognor Regis", "address3": "West Sussex", "address4": "PO21 1BL", "contactInfo": "01243 841 763", "googleMapURL": "https://www.google.com/maps/search/?api=1&query=Brewers+Fayre+PO21+1BL", "chain": "Brewers Fayre", "nearest_external_pub": {"name": "The William Hardwicke", "lat": 50.784006, "lon": -0.6722467, "distance_km": 0.131}}}, {"type": "Feature", "geometry": {"type": "Point", "coordinates": [-1.321557, 53.104885]}, "properties": {"id": "41511565", "title": "Castlewood", "path": "/en-gb/locations/derbyshire/castlewood", "latitude": "53.104885", "longitude": "-1.321557", "address1": "Carter Lane East", "address2": "South Normanton", "address3": "Alfreton", "address4": "DE55 2DY", "contactInfo": "01773 862 899", "googleMapURL": "https://www.google.com/maps/search/?api=1&query=Brewers+Fayre+DE55+2DY", "chain": "Brewers Fayre", "nearest_external_pub": {"name": "The White Swan Inn", "lat": 53.1056279, "lon": -1.3217707, "distance_km": 0.084}}}, {"type": "Feature", "geometry": {"type": "Point", "coordinates": [-1.245983, 52.402203]}, "properties": {"id": "41516870", "title": "Central Park", "path": "/en-gb/locations/warwickshire/central-park", "latitude": "52.402203", "longitude": "-1.245983", "address1": "2 Central Park Drive", "address2": "Central Park", "address3": "Rugby", "address4": "CV23 0WE", "contactInfo": "01788 565 930", "googleMapURL": "https://www.google.com/maps/search/?api=1&query=Brewers+Fayre+CV23+0WE", "chain": "Brewers Fayre", "nearest_external_pub": {"name": "Stag and Pheasant", "lat": 52.3988597, "lon": -1.2211383, "distance_km": 1.726}}}, {"type": "Feature", "geometry": {"type": "Point", "coordinates": [-2.132013, 51.47843]}, "properties": {"id": "41511610", "title": "Cepen Park", "path": "/en-gb/locations/wiltshire/cepen-park", "latitude": "51.47843", "longitude": "-2.132013", "address1": "West Cepen Way", "address2": "Chippenham", "address3": "Wiltshire", "address4": "SN14 6UZ", "contactInfo": "01249 475 137", "googleMapURL": "https://www.google.com/maps/search/?api=1&query=Brewers+Fayre+SN14+6UZ", "chain": "Brewers Fayre", "nearest_external_pub": {"name": "The Plough", "lat": 51.4870516, "lon": -2.1291212, "distance_km": 0.979}}}, {"type": "Feature", "geometry": {"type": "Point", "coordinates": [0.290709, 51.490883]}, "properties": {"id": "41511620", "title": "Chafford Hundred", "path": "/en-gb/locations/essex/chafford-hundred", "latitude": "51.490883", "longitude": "0.290709", "address1": "Fleming Road, Unicorn Estate", "address2": "Chafford Hundred", "address3": "Grays", "address4": "RM16 6YJ", "contactInfo": "01375 481 153", "googleMapURL": "https://www.google.com/maps/search/?api=1&query=Brewers+Fayre+RM16+6YJ", "chain": "Brewers Fayre", "nearest_external_pub": {"name": "Dog and Partridge", "lat": 51.4980641, "lon": 0.3033434, "distance_km": 1.184}}}, {"type": "Feature", "geometry": {"type": "Point", "coordinates": [0.150204, 51.531307]}, "properties": {"id": "40536050", "title": "Chequers Corner", "path": "/en-gb/locations/essex/dagenham", "latitude": "51.531307", "longitude": "0.150204", "address1": "2 New Road", "address2": "Dagenham", "address3": "Essex", "address4": "RM9 6YS", "contactInfo": "020 8526 7421", "googleMapURL": "https://www.google.com/maps/search/?api=1&query=Brewers+Fayre+RM9+6YS", "chain": "Brewers Fayre", "nearest_external_pub": {"name": "Brewers Fayre", "lat": 51.5312203, "lon": 0.1481414, "distance_km": 0.143}}}, {"type": "Feature", "geometry": {"type": "Point", "coordinates": [-1.103804, 53.511913]}, "properties": {"id": "41511750", "title": "Cheswold Lodge", "path": "/en-gb/locations/yorkshire/cheswold-lodge", "latitude": "53.511913", "longitude": "-1.103804", "address1": "Doncaster Leisure Park, Herten Way", "address2": "Bawtry Road", "address3": "Doncaster", "address4": "DN4 7NW", "contactInfo": "01302 533 000", "googleMapURL": "https://www.google.com/maps/search/?api=1&query=Brewers+Fayre+DN4+7NW", "chain": "Brewers Fayre", "nearest_external_pub": {"name": "Brewers Fayre", "lat": 53.512377, "lon": -1.1045639, "distance_km": 0.072}}}, {"type": "Feature", "geometry": {"type": "Point", "coordinates": [-3.370277, 54.648487]}, "properties": {"id": "40537445", "title": "Cockermouth", "path": "/en-gb/locations/cumbria/cockermouth", "latitude": "54.648487", "longitude": "-3.370277", "address1": "Waterloo Lane", "address2": "Cockermouth", "address3": "Cumbria", "address4": "CA13 0QX", "contactInfo": "01900 518997", "googleMapURL": "https://www.google.com/maps/search/?api=1&query=Brewers+Fayre+CA13+0QX", "chain": "Brewers Fayre", "nearest_external_pub": {"name": "Brewers Fayre", "lat": 54.6520159, "lon": -3.3714059, "distance_km": 0.399}}}, {"type": "Feature", "geometry": {"type": "Point", "coordinates": [-2.786751, 54.064148]}, "properties": {"id": "41519150", "title": "Cottams Field", "path": "/en-gb/locations/lancashire/cottams-field", "latitude": "54.064148", "longitude": "-2.786751", "address1": "Caton Road", "address2": "Lancaster", "address3": "Lancashire", "address4": "LA1 3PE", "contactInfo": "01524 384 800", "googleMapURL": "https://www.google.com/maps/search/?api=1&query=Brewers+Fayre+LA1+3PE", "chain": "Brewers Fayre", "nearest_external_pub": {"name": "Brewers Fayre", "lat": 54.0695661, "lon": -2.7784434, "distance_km": 0.81}}}, {"type": "Feature", "geometry": {"type": "Point", "coordinates": [-3.03345, 55.925776]}, "properties": {"id": "41019655", "title": "Craig House", "path": "/en-gb/locations/edinburgh/craig-house", "latitude": "55.925776", "longitude": "-3.03345", "address1": "Carberry Road, Inveresk", "address2": "Musselburgh", "address3": "East Lothian", "address4": "EH21 8PT", "contactInfo": "01316 653 005", "googleMapURL": "https://www.google.com/maps/search/?api=1&query=Brewers+Fayre+EH21+8PT", "chain": "Brewers Fayre", "nearest_external_pub": {"name": "Brewers Fayre Craig House", "lat": 55.9256274, "lon": -3.0349369, "distance_km": 0.094}}}, {"type": "Feature", "geometry": {"type": "Point", "coordinates": [-3.209832, 51.58827]}, "properties": {"id": "41512160", "title": "Crossways", "path": "/en-gb/locations/caerphilly/crossways", "latitude": "51.58827", "longitude": "-3.209832", "address1": "Crossways Business Park", "address2": "Pontypandy", "address3": "Caerphilly", "address4": "CF83 3NL", "contactInfo": "02920 888 850", "googleMapURL": "https://www.google.com/maps/search/?api=1&query=Brewers+Fayre+CF83+3NL", "chain": "Brewers Fayre", "nearest_external_pub": {"name": "The Fisherman's Rest", "lat": 51.5883681, "lon": -3.2003978, "distance_km": 0.652}}}, {"type": "Feature", "geometry": {"type": "Point", "coordinates": [-1.855295, 53.865599]}, "properties": {"id": "41512215", "title": "Dalesway", "path": "/en-gb/locations/yorkshire/dalesway", "latitude": "53.865599", "longitude": "-1.855295", "address1": "502 Bradford Road", "address2": "Sandbeds", "address3": "Keighley", "address4": "BD20 5NH", "contactInfo": "01274 566 662", "googleMapURL": "https://www.google.com/maps/search/?api=1&query=Brewers+Fayre+BD20+5NH", "chain": "Brewers Fayre", "nearest_external_pub": {"name": "The Airedale Heifer", "lat": 53.8695639, "lon": -1.8642216, "distance_km": 0.733}}}, {"type": "Feature", "geometry": {"type": "Point", "coordinates": [-7.27351, 54.998998]}, "properties": {"id": "40536040", "title": "Derry City", "path": "/en-gb/locations/northern-ireland/derry-city", "latitude": "54.998998", "longitude": "-7.27351", "address1": "Crescent Link", "address2": "County Londonderry", "address3": "", "address4": "BT47 6SA", "contactInfo": "02871 310 961", "googleMapURL": "https://www.google.com/maps/search/?api=1&query=Brewers+Fayre+BT47+6SA", "chain": "Brewers Fayre", "nearest_external_pub": {"name": "Brewers Fayre", "lat": 54.9924304, "lon": -7.2790446, "distance_km": 0.811}}}, {"type": "Feature", "geometry": {"type": "Point", "coordinates": [1.328316, 51.145783]}, "properties": {"id": "41012400", "title": "Duke of York", "path": "/en-gb/locations/kent/duke-of-york", "latitude": "51.145783", "longitude": "1.328316", "address1": "Jubilee Way", "address2": "Guston Wood", "address3": "Dover", "address4": "CT15 5FD", "contactInfo": "01304 213 617", "googleMapURL": "https://www.google.com/maps/search/?api=1&query=Brewers+Fayre+CT15+5FD", "chain": "Brewers Fayre", "nearest_external_pub": {"name": "Duke of York", "lat": 51.1444503, "lon": 1.3303621, "distance_km": 0.206}}}, {"type": "Feature", "geometry": {"type": "Point", "coordinates": [-3.472961, 50.723877]}, "properties": {"id": "40536495", "title": "Exeter", "path": "/en-gb/locations/devon/exeter", "latitude": "50.723877", "longitude": "-3.472961", "address1": "Fitzroy Road", "address2": "Exeter", "address3": "Devon", "address4": "EX1 3LJ", "contactInfo": "01392 345 034", "googleMapURL": "https://www.google.com/maps/search/?api=1&query=Brewers+Fayre+EX1+3LJ", "chain": "Brewers Fayre", "nearest_external_pub": {"name": "Brewers Fayre", "lat": 50.7244355, "lon": -3.4738154, "distance_km": 0.086}}}, {"type": "Feature", "geometry": {"type": "Point", "coordinates": [-1.446891, 52.75136]}, "properties": {"id": "41010415", "title": "Flagstaff Island", "path": "/en-gb/locations/leicestershire/flagstaff-island", "latitude": "52.75136", "longitude": "-1.446891", "address1": "Flagstaff Park", "address2": "Ashby-de-la-Zouch", "address3": "Leicestershire", "address4": "LE65 1JP", "contactInfo": "01530 561 210", "googleMapURL": "https://www.google.com/maps/search/?api=1&query=Brewers+Fayre+LE65+1JP", "chain": "Brewers Fayre", "nearest_external_pub": {"name": "Brewers Fayre", "lat": 52.7514425, "lon": -1.4460255, "distance_km": 0.059}}}, {"type": "Feature", "geometry": {"type": "Point", "coordinates": [0.381904, 52.742631]}, "properties": {"id": "41512820", "title": "Freebridge Farm", "path": "/en-gb/locations/norfolk/freebridge-farm", "latitude": "52.742631", "longitude": "0.381904", "address1": "Clenchwarton Road", "address2": "West Lynn", "address3": "Kings Lynn", "address4": "PE34 3LW", "contactInfo": "01553 772 221", "googleMapURL": "https://www.google.com/maps/search/?api=1&query=Brewers+Fayre+PE34+3LW", "chain": "Brewers Fayre", "nearest_external_pub": {"name": "Freebridge Farm", "lat": 52.7418433, "lon": 0.3830461, "distance_km": 0.117}}}, {"type": "Feature", "geometry": {"type": "Point", "coordinates": [-2.735253, 51.140322]}, "properties": {"id": "40536055", "title": "Glastonbury", "path": "/en-gb/locations/somerset/glastonbury", "latitude": "51.140322", "longitude": "-2.735253", "address1": "Morland Road", "address2": "Glastonbury", "address3": "Somerset", "address4": "BA6 9FW", "contactInfo": "01458 449 431", "googleMapURL": "https://www.google.com/maps/search/?api=1&query=Brewers+Fayre+BA6+9FW", "chain": "Brewers Fayre", "nearest_external_pub": {"name": "Brewers Fayre", "lat": 51.1405327, "lon": -2.7337712, "distance_km": 0.106}}}, {"type": "Feature", "geometry": {"type": "Point", "coordinates": [-2.761409, 51.482225]}, "properties": {"id": "41513155", "title": "Gordano Gate", "path": "/en-gb/locations/bristol/gordano-gate", "latitude": "51.482225", "longitude": "-2.761409", "address1": "Wyndham Way", "address2": "Portishead", "address3": "Bristol", "address4": "BS20 7GA", "contactInfo": "01275 846 526", "googleMapURL": "https://www.google.com/maps/search/?api=1&query=Brewers+Fayre+BS20+7GA", "chain": "Brewers Fayre", "nearest_external_pub": {"name": "The Posset Cup", "lat": 51.4857504, "lon": -2.7626044, "distance_km": 0.401}}}, {"type": "Feature", "geometry": {"type": "Point", "coordinates": [-2.183382, 53.024433]}, "properties": {"id": "40536580", "title": "Hanley", "path": "/en-gb/locations/staffordshire/hanley", "latitude": "53.024433", "longitude": "-2.183382", "address1": "Etruria Road", "address2": "Hanley", "address3": "Staffordshire", "address4": "ST1 5NH", "contactInfo": "01782 948 824", "googleMapURL": "https://www.google.com/maps/search/?api=1&query=Brewers+Fayre+ST1+5NH", "chain": "Brewers Fayre", "nearest_external_pub": {"name": "Brewers Fayre", "lat": 53.0249363, "lon": -2.185471, "distance_km": 0.151}}}, {"type": "Feature", "geometry": {"type": "Point", "coordinates": [-3.561807, 50.425537]}, "properties": {"id": "41513965", "title": "Inn On The Quay", "path": "/en-gb/locations/devon/inn-on-the-quay", "latitude": "50.425537", "longitude": "-3.561807", "address1": "Tanners Road", "address2": "Goodrington", "address3": "Paignton", "address4": "TQ4 6LP", "contactInfo": "01803 559 754", "googleMapURL": "https://www.google.com/maps/search/?api=1&query=Brewers+Fayre+TQ4+6LP", "chain": "Brewers Fayre", "nearest_external_pub": {"name": "The Inn On The Quay", "lat": 50.4249493, "lon": -3.5596427, "distance_km": 0.167}}}, {"type": "Feature", "geometry": {"type": "Point", "coordinates": [-4.187486, 57.473308]}, "properties": {"id": "41513970", "title": "Inshes Gate", "path": "/en-gb/locations/highland/inshes-gate", "latitude": "57.473308", "longitude": "-4.187486", "address1": "Beechwood Park", "address2": "Inverness", "address3": "Inverness-shire", "address4": "IV2 3BW", "contactInfo": "01463 711 847", "googleMapURL": "https://www.google.com/maps/search/?api=1&query=Brewers+Fayre+IV2+3BW", "chain": "Brewers Fayre", "nearest_external_pub": {"name": "The Fluke", "lat": 57.4730319, "lon": -4.1998124, "distance_km": 0.738}}}, {"type": "Feature", "geometry": {"type": "Point", "coordinates": [-1.773777, 51.57791]}, "properties": {"id": "41022405", "title": "Kembrey Inn", "path": "/en-gb/locations/wiltshire/kembrey-inn", "latitude": "51.57791", "longitude": "-1.773777", "address1": "Larch Close", "address2": "Kembrey Business Park", "address3": "Swindon", "address4": "SN2 8YS", "contactInfo": "01793 522 215", "googleMapURL": "https://www.google.com/maps/search/?api=1&query=Brewers+Fayre+SN2+8YS", "chain": "Brewers Fayre", "nearest_external_pub": {"name": "Duke of Edinburgh", "lat": 51.5739126, "lon": -1.7775382, "distance_km": 0.515}}}, {"type": "Feature", "geometry": {"type": "Point", "coordinates": [-3.758526, 56.053971]}, "properties": {"id": "41511070", "title": "Kincardine Way", "path": "/en-gb/locations/falkirk/kincardine-way", "latitude": "56.053971", "longitude": "-3.758526", "address1": "Bowtrees R'bout", "address2": "Houghs of Airth", "address3": "Falkirk", "address4": "FK2 8PJ", "contactInfo": "01324 831 125", "googleMapURL": "https://www.google.com/maps/search/?api=1&query=Brewers+Fayre+FK2+8PJ", "chain": "Brewers Fayre", "nearest_external_pub": {"name": "Unnamed Pub", "lat": 56.0632291, "lon": -3.7371587, "distance_km": 1.679}}}, {"type": "Feature", "geometry": {"type": "Point", "coordinates": [-1.117258, 53.392184]}, "properties": {"id": "41014145", "title": "King William IV", "path": "/en-gb/locations/nottinghamshire/king-william-iv", "latitude": "53.392184", "longitude": "-1.117258", "address1": "Blyth Road", "address2": "Oldcotes", "address3": "Nr Worksop", "address4": "S81 8HU", "contactInfo": "01909 730 225", "googleMapURL": "https://www.google.com/maps/search/?api=1&query=Brewers+Fayre+S81+8HU", "chain": "Brewers Fayre", "nearest_external_pub": {"name": "The Royal Legion", "lat": 53.3781394, "lon": -1.1182456, "distance_km": 1.563}}}, {"type": "Feature", "geometry": {"type": "Point", "coordinates": [-2.907826, 54.89414]}, "properties": {"id": "41514320", "title": "Lakeland Gate", "path": "/en-gb/locations/cumbria/lakeland-gate", "latitude": "54.89414", "longitude": "-2.907826", "address1": "Walkmill Crescent", "address2": "Carlisle", "address3": "Cumbria", "address4": "CA1 2WF", "contactInfo": "01228 810 280", "googleMapURL": "https://www.google.com/maps/search/?api=1&query=Brewers+Fayre+CA1+2WF", "chain": "Brewers Fayre", "nearest_external_pub": {"name": "Lakeland Gate", "lat": 54.8936777, "lon": -2.9076956, "distance_km": 0.052}}}, {"type": "Feature", "geometry": {"type": "Point", "coordinates": [-2.594225, 51.457414]}, "properties": {"id": "40036830", "title": "Lewins Mead", "path": "/en-gb/locations/bristol/lewins-mead", "latitude": "51.457414", "longitude": "-2.594225", "address1": "Lewins Mead", "address2": "Bristol", "address3": "Bristol", "address4": "BS1 2PY", "contactInfo": "01172 441237", "googleMapURL": "https://www.google.com/maps/search/?api=1&query=Brewers+Fayre+BS1+2PY", "chain": "Brewers Fayre", "nearest_external_pub": {"name": "Brewers Fayre", "lat": 51.4579032, "lon": -2.5936977, "distance_km": 0.066}}}, {"type": "Feature", "geometry": {"type": "Point", "coordinates": [-1.420079, 53.250939]}, "properties": {"id": "41514530", "title": "Lock Keeper", "path": "/en-gb/locations/derbyshire/lock-keeper", "latitude": "53.250939", "longitude": "-1.420079", "address1": "Tapton Lock Hill", "address2": "Off Rotherway", "address3": "Chesterfield", "address4": "S41 7NJ", "contactInfo": "01246 560 700", "googleMapURL": "https://www.google.com/maps/search/?api=1&query=Brewers+Fayre+S41+7NJ", "chain": "Brewers Fayre", "nearest_external_pub": {"name": "The Lockoford Inn", "lat": 53.251147, "lon": -1.4170228, "distance_km": 0.205}}}, {"type": "Feature", "geometry": {"type": "Point", "coordinates": [-2.446582, 50.624352]}, "properties": {"id": "41514550", "title": "Lodmoor", "path": "/en-gb/locations/dorset/lodmoor", "latitude": "50.624352", "longitude": "-2.446582", "address1": "Preston Beach Road", "address2": "Weymouth", "address3": "Dorset", "address4": "DT4 7SX", "contactInfo": "01305 767 964", "googleMapURL": "https://www.google.com/maps/search/?api=1&query=Brewers+Fayre+DT4+7SX", "chain": "Brewers Fayre", "nearest_external_pub": {"name": "Brewers Fayre", "lat": 50.624432, "lon": -2.4457954, "distance_km": 0.056}}}, {"type": "Feature", "geometry": {"type": "Point", "coordinates": [-5.396004, 50.197795]}, "properties": {"id": "41514560", "title": "Loggans Moor", "path": "/en-gb/locations/cornwall/loggans-moor", "latitude": "50.197795", "longitude": "-5.396004", "address1": "Carwin Rise", "address2": "Loggans", "address3": "Hayle", "address4": "TR27 5DG", "contactInfo": "01736 755 025", "googleMapURL": "https://www.google.com/maps/search/?api=1&query=Brewers+Fayre+TR27+5DG", "chain": "Brewers Fayre", "nearest_external_pub": {"name": "Copperhouse Inn", "lat": 50.1908826, "lon": -5.4091224, "distance_km": 1.209}}}, {"type": "Feature", "geometry": {"type": "Point", "coordinates": [-2.141583, 57.06442]}, "properties": {"id": "41514720", "title": "Mains of Balquharn", "path": "/en-gb/locations/aberdeenshire/mains-of-balquharn", "latitude": "57.06442", "longitude": "-2.141583", "address1": "Portlethen", "address2": "Aberdeen", "address3": "Aberdeenshire", "address4": "AB12 4QS", "contactInfo": "01224 783 856", "googleMapURL": "https://www.google.com/maps/search/?api=1&query=Brewers+Fayre+AB12+4QS", "chain": "Brewers Fayre", "nearest_external_pub": {"name": "Leathan Arms", "lat": 57.0616701, "lon": -2.1298417, "distance_km": 0.773}}}, {"type": "Feature", "geometry": {"type": "Point", "coordinates": [-3.462277, 51.200969]}, "properties": {"id": "40537240", "title": "Minehead", "path": "/en-gb/locations/somerset/brewers-fayre-minehead", "latitude": "51.200969", "longitude": "-3.462277", "address1": "Seaward Way", "address2": "Minehead", "address3": "Somerset", "address4": "TA24 6DF", "contactInfo": "01643 803792", "googleMapURL": "https://www.google.com/maps/search/?api=1&query=Brewers+Fayre+TA24+6DF", "chain": "Brewers Fayre", "nearest_external_pub": {"name": "Brewers Fayre", "lat": 51.200297, "lon": -3.4612054, "distance_km": 0.106}}}, {"type": "Feature", "geometry": {"type": "Point", "coordinates": [-0.779343, 51.289366]}, "properties": {"id": "41015125", "title": "Monkey Puzzle", "path": "/en-gb/locations/hampshire/monkey-puzzle", "latitude": "51.289366", "longitude": "-0.779343", "address1": "101 Ively Road", "address2": "Cove", "address3": "Farnborough", "address4": "GU14 0JP", "contactInfo": "01252 546 654", "googleMapURL": "https://www.google.com/maps/search/?api=1&query=Brewers+Fayre+GU14+0JP", "chain": "Brewers Fayre", "nearest_external_pub": {"name": "The Monkey Puzzle", "lat": 51.2888862, "lon": -0.7789769, "distance_km": 0.059}}}, {"type": "Feature", "geometry": {"type": "Point", "coordinates": [0.582951, 51.866667]}, "properties": {"id": "41515250", "title": "Mulberry Tree", "path": "/en-gb/locations/essex/mulberry-tree", "latitude": "51.866667", "longitude": "0.582951", "address1": "Braintree Bypass", "address2": "Braintree", "address3": "Essex", "address4": "CM77 8GG", "contactInfo": "01376 340 914", "googleMapURL": "https://www.google.com/maps/search/?api=1&query=Brewers+Fayre+CM77+8GG", "chain": "Brewers Fayre", "nearest_external_pub": {"name": "Mulberry Tree", "lat": 51.8689089, "lon": 0.5819589, "distance_km": 0.258}}}, {"type": "Feature", "geometry": {"type": "Point", "coordinates": [-3.195198, 55.982586]}, "properties": {"id": "41515405", "title": "Newhaven Quay", "path": "/en-gb/locations/edinburgh/newhaven-quay", "latitude": "55.982586", "longitude": "-3.195198", "address1": "51-53 Newhaven Place", "address2": "Newhaven", "address3": "Edinburgh", "address4": "EH6 4TX", "contactInfo": "01315 551 570", "googleMapURL": "https://www.google.com/maps/search/?api=1&query=Brewers+Fayre+EH6+4TX", "chain": "Brewers Fayre", "nearest_external_pub": {"name": "The Harbour Inn", "lat": 55.9806629, "lon": -3.1950566, "distance_km": 0.214}}}, {"type": "Feature", "geometry": {"type": "Point", "coordinates": [-2.47349, 53.717841]}, "properties": {"id": "41519100", "title": "Oakenhurst Farm", "path": "/en-gb/locations/lancashire/oakenhurst-farm", "latitude": "53.717841", "longitude": "-2.473490", "address1": "Riversway Drive, Off Eccleshill Road", "address2": "Lower Darwen", "address3": "Blackburn", "address4": "BB3 OSN", "contactInfo": "01254 707 210", "googleMapURL": "https://www.google.com/maps/search/?api=1&query=Brewers+Fayre+BB3+OSN", "chain": "Brewers Fayre", "nearest_external_pub": {"name": "Golden Cup", "lat": 53.7167548, "lon": -2.4843993, "distance_km": 0.728}}}, {"type": "Feature", "geometry": {"type": "Point", "coordinates": [1.272955, 52.667599]}, "properties": {"id": "41019160", "title": "Oaks", "path": "/en-gb/locations/norfolk/oaks", "latitude": "52.667599", "longitude": "1.272955", "address1": "Holt Road", "address2": "Norwich Airport", "address3": "Norwich", "address4": "NR6 6JA", "contactInfo": "01603 428 640", "googleMapURL": "https://www.google.com/maps/search/?api=1&query=Brewers+Fayre+NR6+6JA", "chain": "Brewers Fayre", "nearest_external_pub": {"name": "The Bull", "lat": 52.6646479, "lon": 1.2628104, "distance_km": 0.759}}}, {"type": "Feature", "geometry": {"type": "Point", "coordinates": [-3.159106, 51.477374]}, "properties": {"id": "41015520", "title": "Ocean Park", "path": "/en-gb/locations/cardiff/ocean-park", "latitude": "51.477374", "longitude": "-3.159106", "address1": "East Moors Industrial Estate", "address2": "Keen Road", "address3": "Cardiff", "address4": "CF24 5JT", "contactInfo": "02920 489 675", "googleMapURL": "https://www.google.com/maps/search/?api=1&query=Brewers+Fayre+CF24+5JT", "chain": "Brewers Fayre", "nearest_external_pub": {"name": "The Cottage", "lat": 51.4801521, "lon": -3.1590309, "distance_km": 0.309}}}, {"type": "Feature", "geometry": {"type": "Point", "coordinates": [-3.011123, 53.653452]}, "properties": {"id": "41018920", "title": "Ocean Plaza", "path": "/en-gb/locations/merseyside/ocean-plaza", "latitude": "53.653452", "longitude": "-3.011123", "address1": "Marine Drive", "address2": "Southport", "address3": "Lancashire", "address4": "PR8 1RY", "contactInfo": "01704 504 675", "googleMapURL": "https://www.google.com/maps/search/?api=1&query=Brewers+Fayre+PR8+1RY", "chain": "Brewers Fayre", "nearest_external_pub": {"name": "The Guelder Rose", "lat": 53.6534408, "lon": -3.013719, "distance_km": 0.171}}}, {"type": "Feature", "geometry": {"type": "Point", "coordinates": [-2.222157, 51.748183]}, "properties": {"id": "40521580", "title": "Old Nelson", "path": "/en-gb/locations/gloucestershire/old-nelson", "latitude": "51.748183", "longitude": "-2.222157", "address1": "Stratford Lodge", "address2": "Stratford Road", "address3": "Stroud", "address4": "GL5 4AF", "contactInfo": "01453 765 821", "googleMapURL": "https://www.google.com/maps/search/?api=1&query=Brewers+Fayre+GL5+4AF", "chain": "Brewers Fayre", "nearest_external_pub": {"name": "The Queen Victoria", "lat": 51.7466325, "lon": -2.2170578, "distance_km": 0.391}}}, {"type": "Feature", "geometry": {"type": "Point", "coordinates": [-1.201737, 54.689362]}, "properties": {"id": "41515620", "title": "Old West Quay", "path": "/en-gb/locations/county-durham/old-west-quay", "latitude": "54.689362", "longitude": "-1.201737", "address1": "Maritime Avenue", "address2": "Hartlepool", "address3": "County Durham", "address4": "TS24 0XZ", "contactInfo": "01429 890 115", "googleMapURL": "https://www.google.com/maps/search/?api=1&query=Brewers+Fayre+TS24+0XZ", "chain": "Brewers Fayre", "nearest_external_pub": {"name": "Abbey's Bar", "lat": 54.6899894, "lon": -1.1984413, "distance_km": 0.223}}}, {"type": "Feature", "geometry": {"type": "Point", "coordinates": [-2.023072, 52.674144]}, "properties": {"id": "41511510", "title": "Orbital", "path": "/en-gb/locations/staffordshire/orbital", "latitude": "52.674144", "longitude": "-2.023072", "address1": "Eastern Way", "address2": "Cannock", "address3": "Staffordshire", "address4": "WS11 8XR", "contactInfo": "01543 467 574", "googleMapURL": "https://www.google.com/maps/search/?api=1&query=Brewers+Fayre+WS11+8XR", "chain": "Brewers Fayre", "nearest_external_pub": {"name": "Hawkins Sports & Social Club", "lat": 52.6670643, "lon": -2.0305384, "distance_km": 0.934}}}, {"type": "Feature", "geometry": {"type": "Point", "coordinates": [-0.694976, 51.608096]}, "properties": {"id": "41015880", "title": "Papermill", "path": "/en-gb/locations/buckinghamshire/papermill", "latitude": "51.608096", "longitude": "-0.694976", "address1": "London Road", "address2": "Loudwater", "address3": "High Wycombe", "address4": "HP10 9YL", "contactInfo": "01494 510 852", "googleMapURL": "https://www.google.com/maps/search/?api=1&query=Brewers+Fayre+HP10+9YL", "chain": "Brewers Fayre", "nearest_external_pub": {"name": "Three Horseshoes", "lat": 51.6014928, "lon": -0.706976, "distance_km": 1.107}}}, {"type": "Feature", "geometry": {"type": "Point", "coordinates": [-3.924351, 56.080622]}, "properties": {"id": "41016000", "title": "Pirnhall Inn", "path": "/en-gb/locations/stirlingshire/pirnhall-inn", "latitude": "56.080622", "longitude": "-3.924351", "address1": "Glasgow Road", "address2": "Whins of Milton", "address3": "Stirling", "address4": "FK7 8EX", "contactInfo": "01786 811 256", "googleMapURL": "https://www.google.com/maps/search/?api=1&query=Brewers+Fayre+FK7+8EX", "chain": "Brewers Fayre", "nearest_external_pub": {"name": "1314", "lat": 56.091125, "lon": -3.9327515, "distance_km": 1.279}}}, {"type": "Feature", "geometry": {"type": "Point", "coordinates": [-3.406234, 55.984003]}, "properties": {"id": "41016375", "title": "Queens Crossing", "path": "/en-gb/locations/edinburgh/queens-crossing", "latitude": "55.984003", "longitude": "-3.406234", "address1": "Builyeon Road", "address2": "South Queensferry", "address3": "Edinburgh", "address4": "EH30 9YJ", "contactInfo": "0131 331 5056", "googleMapURL": "https://www.google.com/maps/search/?api=1&query=Brewers+Fayre+EH30+9YJ", "chain": "Brewers Fayre", "nearest_external_pub": {"name": "Queens Crossing Brewers Fayre", "lat": 55.9843478, "lon": -3.4050782, "distance_km": 0.081}}}, {"type": "Feature", "geometry": {"type": "Point", "coordinates": [-1.508067, 53.698396]}, "properties": {"id": "41022555", "title": "Rhubarb Triangle", "path": "/en-gb/locations/yorkshire/rhubarb-triangle", "latitude": "53.698396", "longitude": "-1.508067", "address1": "Paragon Business Park", "address2": "Herriot Way", "address3": "Wakefield", "address4": "WF1 2UF", "contactInfo": "01924 203 750", "googleMapURL": "https://www.google.com/maps/search/?api=1&query=Brewers+Fayre+WF1+2UF", "chain": "Brewers Fayre", "nearest_external_pub": {"name": "Capri", "lat": 53.6936472, "lon": -1.5042643, "distance_km": 0.584}}}, {"type": "Feature", "geometry": {"type": "Point", "coordinates": [-0.424068, 51.651525]}, "properties": {"id": "41020040", "title": "Rising Sun", "path": "/en-gb/locations/hertfordshire/rising-sun", "latitude": "51.651525", "longitude": "-0.424068", "address1": "2 Ascot Road", "address2": "Watford", "address3": "Hertfordshire", "address4": "WD18 8AP", "contactInfo": "01923 281 185", "googleMapURL": "https://www.google.com/maps/search/?api=1&query=Brewers+Fayre+WD18+8AP", "chain": "Brewers Fayre", "nearest_external_pub": {"name": "The Shamrock", "lat": 51.6516662, "lon": -0.42206, "distance_km": 0.139}}}, {"type": "Feature", "geometry": {"type": "Point", "coordinates": [-1.461412, 54.994635]}, "properties": {"id": "41516850", "title": "Royal Quays", "path": "/en-gb/locations/newcastle/royal-quays", "latitude": "54.994635", "longitude": "-1.461412", "address1": "Coble Dene Road", "address2": "North Shields", "address3": "Tyne and Wear", "address4": "NE29 6DL", "contactInfo": "0191 258 0287", "googleMapURL": "https://www.google.com/maps/search/?api=1&query=Brewers+Fayre+NE29+6DL", "chain": "Brewers Fayre", "nearest_external_pub": {"name": "Trimmers Arms Live Lounge", "lat": 54.9911228, "lon": -1.4416997, "distance_km": 1.317}}}, {"type": "Feature", "geometry": {"type": "Point", "coordinates": [-2.134717, 53.455515]}, "properties": {"id": "41517320", "title": "Stable Gate", "path": "/en-gb/locations/lancashire/stable-gate", "latitude": "53.455515", "longitude": "-2.134717", "address1": "Alphagate Drive", "address2": "Denton", "address3": "Manchester", "address4": "M34 3SH", "contactInfo": "01613 201 116", "googleMapURL": "https://www.google.com/maps/search/?api=1&query=Brewers+Fayre+M34+3SH", "chain": "Brewers Fayre", "nearest_external_pub": {"name": "The Windmill", "lat": 53.4539937, "lon": -2.1439698, "distance_km": 0.636}}}, {"type": "Feature", "geometry": {"type": "Point", "coordinates": [-3.912035, 51.665237]}, "properties": {"id": "41517650", "title": "Swansea Vale", "path": "/en-gb/locations/swansea/swansea-vale", "latitude": "51.665237", "longitude": "-3.912035", "address1": "Upper Fforest Way", "address2": "Morriston", "address3": "Swansea", "address4": "SA6 8WB", "contactInfo": "01792 311 920", "googleMapURL": "https://www.google.com/maps/search/?api=1&query=Brewers+Fayre+SA6+8WB", "chain": "Brewers Fayre", "nearest_external_pub": {"name": "Unnamed Pub", "lat": 51.6620724, "lon": -3.910297, "distance_km": 0.372}}}, {"type": "Feature", "geometry": {"type": "Point", "coordinates": [-0.752357, 52.407639]}, "properties": {"id": "41517735", "title": "Telford Lodge", "path": "/en-gb/locations/northamptonshire/telford-lodge", "latitude": "52.407639", "longitude": "-0.752357", "address1": "Rothwell Road", "address2": "Kettering", "address3": "Northants", "address4": "NN16 8FX", "contactInfo": "01536 310 082", "googleMapURL": "https://www.google.com/maps/search/?api=1&query=Brewers+Fayre+NN16+8FX", "chain": "Brewers Fayre", "nearest_external_pub": {"name": "Telford Lodge", "lat": 52.4076548, "lon": -0.7510576, "distance_km": 0.088}}}, {"type": "Feature", "geometry": {"type": "Point", "coordinates": [-0.401071, 54.280761]}, "properties": {"id": "41032970", "title": "The Carousel", "path": "/en-gb/locations/yorkshire/the-carousel", "latitude": "54.280761", "longitude": "-0.401071", "address1": "Falconer Road", "address2": "Scarborough", "address3": "North Yorkshire", "address4": "YO11 2EN", "contactInfo": "01723 343 291", "googleMapURL": "https://www.google.com/maps/search/?api=1&query=Brewers+Fayre+YO11+2EN", "chain": "Brewers Fayre", "nearest_external_pub": {"name": "Scholars Bar", "lat": 54.2801905, "lon": -0.4018477, "distance_km": 0.081}}}, {"type": "Feature", "geometry": {"type": "Point", "coordinates": [-1.099834, 50.786051]}, "properties": {"id": "41511790", "title": "The Clarence Pier", "path": "/en-gb/locations/hampshire/the-clarence-pier", "latitude": "50.786051", "longitude": "-1.099834", "address1": "Long Curtain Road", "address2": "Southsea", "address3": "Hampshire", "address4": "PO5 3XX", "contactInfo": "02392 734 622", "googleMapURL": "https://www.google.com/maps/search/?api=1&query=Brewers+Fayre+PO5+3XX", "chain": "Brewers Fayre", "nearest_external_pub": {"name": "Brewers Fayre", "lat": 50.7867991, "lon": -1.1017738, "distance_km": 0.16}}}, {"type": "Feature", "geometry": {"type": "Point", "coordinates": [0.059545, 50.797619]}, "properties": {"id": "41512375", "title": "The Drove", "path": "/en-gb/locations/sussex/the-drove", "latitude": "50.797619", "longitude": "0.059545", "address1": "The Drove", "address2": "Newhaven", "address3": "East Sussex", "address4": "BN9 0AG", "contactInfo": "01273 612 356", "googleMapURL": "https://www.google.com/maps/search/?api=1&query=Brewers+Fayre+BN9+0AG", "chain": "Brewers Fayre", "nearest_external_pub": {"name": "Brewers Fayre", "lat": 50.7992619, "lon": 0.0614719, "distance_km": 0.227}}}, {"type": "Feature", "geometry": {"type": "Point", "coordinates": [-0.664319, 52.896995]}, "properties": {"id": "41022315", "title": "The Farrier", "path": "/en-gb/locations/lincolnshire/the-farrier", "latitude": "52.896995", "longitude": "-0.664319", "address1": "Harlaxton Road", "address2": "Grantham", "address3": "Lincolnshire", "address4": "NG31 7JT", "contactInfo": "01476 542 920", "googleMapURL": "https://www.google.com/maps/search/?api=1&query=Brewers+Fayre+NG31+7JT", "chain": "Brewers Fayre", "nearest_external_pub": {"name": "Springfield Arms", "lat": 52.9023366, "lon": -0.6445846, "distance_km": 1.451}}}, {"type": "Feature", "geometry": {"type": "Point", "coordinates": [-0.25775, 52.540449]}, "properties": {"id": "41513390", "title": "The Hampton", "path": "/en-gb/locations/peterborough/the-hampton", "latitude": "52.540449", "longitude": "-0.25775", "address1": "4 Ashbourne Road", "address2": "Off London Road", "address3": "Hampton", "address4": "PE7 8BT", "contactInfo": "01733 310 772", "googleMapURL": "https://www.google.com/maps/search/?api=1&query=Brewers+Fayre+PE7+8BT", "chain": "Brewers Fayre", "nearest_external_pub": {"name": "Mulberry Tree Farm", "lat": 52.5371916, "lon": -0.2574844, "distance_km": 0.363}}}, {"type": "Feature", "geometry": {"type": "Point", "coordinates": [-5.812165, 54.711498]}, "properties": {"id": "41022865", "title": "The Harbour", "path": "/en-gb/locations/northern-ireland/the-harbour", "latitude": "54.711498", "longitude": "-5.812165", "address1": "Alexander Pier", "address2": "Rogers Quay", "address3": "Carrickfergus", "address4": "BT38 8BE", "contactInfo": "02893 356 420", "googleMapURL": "https://www.google.com/maps/search/?api=1&query=Brewers+Fayre+BT38+8BE", "chain": "Brewers Fayre", "nearest_external_pub": {"name": "Brewers Fayre Harbour", "lat": 54.7116377, "lon": -5.8090762, "distance_km": 0.199}}}, {"type": "Feature", "geometry": {"type": "Point", "coordinates": [-3.563776, 54.576092]}, "properties": {"id": "41513915", "title": "The Howgate", "path": "/en-gb/locations/cumbria/the-howgate", "latitude": "54.576092", "longitude": "-3.563776", "address1": "Howgate", "address2": "Whitehaven", "address3": "Cumberland", "address4": "CA28 6PL", "contactInfo": "01946 66286", "googleMapURL": "https://www.google.com/maps/search/?api=1&query=Brewers+Fayre+CA28+6PL", "chain": "Brewers Fayre", "nearest_external_pub": {"name": "Sunny Hill", "lat": 54.5545256, "lon": -3.5792467, "distance_km": 2.597}}}, {"type": "Feature", "geometry": {"type": "Point", "coordinates": [-1.400199, 52.536299]}, "properties": {"id": "41022450", "title": "The Marina", "path": "/en-gb/locations/leicestershire/the-marina", "latitude": "52.536299", "longitude": "-1.400199", "address1": "Wharf Farm", "address2": "Coventry Road", "address3": "Hinckley", "address4": "LE10 0NB", "contactInfo": "01455 636 493", "googleMapURL": "https://www.google.com/maps/search/?api=1&query=Brewers+Fayre+LE10+0NB", "chain": "Brewers Fayre", "nearest_external_pub": {"name": "The Marina", "lat": 52.5370153, "lon": -1.4002974, "distance_km": 0.08}}}, {"type": "Feature", "geometry": {"type": "Point", "coordinates": [1.257623, 51.938471]}, "properties": {"id": "41022410", "title": "The Mayflower", "path": "/en-gb/locations/essex/the-mayflower", "latitude": "51.938471", "longitude": "1.257623", "address1": "Parkeston Road", "address2": "Dovercourt", "address3": "Harwich", "address4": "CO12 4NX", "contactInfo": "01255 509 661", "googleMapURL": "https://www.google.com/maps/search/?api=1&query=Brewers+Fayre+CO12+4NX", "chain": "Brewers Fayre", "nearest_external_pub": {"name": "The Mayflower", "lat": 51.9391969, "lon": 1.2580438, "distance_km": 0.086}}}, {"type": "Feature", "geometry": {"type": "Point", "coordinates": [-2.246611, 53.052612]}, "properties": {"id": "41515400", "title": "The Redwood", "path": "/en-gb/locations/staffordshire/the-redwood", "latitude": "53.052612", "longitude": "-2.246611", "address1": "Talke Road", "address2": "Red Street", "address3": "Newcastle-Under-Lyme", "address4": "ST5 7EH", "contactInfo": "01782 578 900", "googleMapURL": "https://www.google.com/maps/search/?api=1&query=Brewers+Fayre+ST5+7EH", "chain": "Brewers Fayre", "nearest_external_pub": {"name": "The Jolly Potters", "lat": 53.0521772, "lon": -2.2517528, "distance_km": 0.347}}}, {"type": "Feature", "geometry": {"type": "Point", "coordinates": [-4.175169, 51.682654]}, "properties": {"id": "41516925", "title": "The Sandpiper", "path": "/en-gb/locations/carmarthenshire/the-sandpiper", "latitude": "51.682654", "longitude": "-4.175169", "address1": "Sandpiper Road", "address2": "Llanelli", "address3": "Carmarthenshire", "address4": "SA15 4SG", "contactInfo": "01554 749 347", "googleMapURL": "https://www.google.com/maps/search/?api=1&query=Brewers+Fayre+SA15+4SG", "chain": "Brewers Fayre", "nearest_external_pub": {"name": "The Kilkenny Cat", "lat": 51.6842683, "lon": -4.1649529, "distance_km": 0.727}}}, {"type": "Feature", "geometry": {"type": "Point", "coordinates": [1.207155, 52.026653]}, "properties": {"id": "41517620", "title": "The Swallow", "path": "/en-gb/locations/suffolk/the-swallow", "latitude": "52.026653", "longitude": "1.207155", "address1": "3 Augusta Close", "address2": "Ipswich", "address3": "Suffolk", "address4": "IP3 9SS", "contactInfo": "01473 721 683", "googleMapURL": "https://www.google.com/maps/search/?api=1&query=Brewers+Fayre+IP3+9SS", "chain": "Brewers Fayre", "nearest_external_pub": {"name": "The Swallow", "lat": 52.0270335, "lon": 1.2064591, "distance_km": 0.064}}}, {"type": "Feature", "geometry": {"type": "Point", "coordinates": [-2.587152, 51.417409]}, "properties": {"id": "41518215", "title": "The Wessex Flyer", "path": "/en-gb/locations/bristol/the-wessex-flyer", "latitude": "51.417409", "longitude": "-2.587152", "address1": "Hengrove Leisure Park", "address2": "Hengrove Way", "address3": "Bristol", "address4": "BS14 0HR", "contactInfo": "01275 834 340", "googleMapURL": "https://www.google.com/maps/search/?api=1&query=Brewers+Fayre+BS14+0HR", "chain": "Brewers Fayre", "nearest_external_pub": {"name": "The Whitchurch", "lat": 51.4144157, "lon": -2.5715259, "distance_km": 1.134}}}, {"type": "Feature", "geometry": {"type": "Point", "coordinates": [-1.455356, 54.911276]}, "properties": {"id": "41518225", "title": "The Wessington", "path": "/en-gb/locations/sunderland/the-wessington", "latitude": "54.911276", "longitude": "-1.455356", "address1": "Wessington Way", "address2": "Castletown", "address3": "Sunderland", "address4": "SR5 3HR", "contactInfo": "0191 548 9384", "googleMapURL": "https://www.google.com/maps/search/?api=1&query=Brewers+Fayre+SR5+3HR", "chain": "Brewers Fayre", "nearest_external_pub": {"name": "Brewers Fayre", "lat": 54.9111129, "lon": -1.4562362, "distance_km": 0.059}}}, {"type": "Feature", "geometry": {"type": "Point", "coordinates": [0.55069, 50.886744]}, "properties": {"id": "41518475", "title": "The Windmill", "path": "/en-gb/locations/sussex/the-windmill", "latitude": "50.886744", "longitude": "0.55069", "address1": "1 John Macaddam Way", "address2": "St Leonards On Sea", "address3": "Hastings", "address4": "TN37 7DB", "contactInfo": "01424 754 070", "googleMapURL": "https://www.google.com/maps/search/?api=1&query=Brewers+Fayre+TN37+7DB", "chain": "Brewers Fayre", "nearest_external_pub": {"name": "The Harrow Inn", "lat": 50.8902997, "lon": 0.5562042, "distance_km": 0.553}}}, {"type": "Feature", "geometry": {"type": "Point", "coordinates": [-1.68756, 54.638653]}, "properties": {"id": "41517810", "title": "Tindale Crossing", "path": "/en-gb/locations/county-durham/tindale-crossing", "latitude": "54.638653", "longitude": "-1.68756", "address1": "West Auckland Road", "address2": "Bishop Auckland", "address3": "County Durham", "address4": "DL14 9AP", "contactInfo": "01388 451 969", "googleMapURL": "https://www.google.com/maps/search/?api=1&query=Brewers+Fayre+DL14+9AP", "chain": "Brewers Fayre", "nearest_external_pub": {"name": "The March Hare", "lat": 54.6386177, "lon": -1.6913763, "distance_km": 0.246}}}, {"type": "Feature", "geometry": {"type": "Point", "coordinates": [-3.419224, 51.70168]}, "properties": {"id": "41510185", "title": "Tirfounder Fields", "path": "/en-gb/locations/rhondda-cynon-taff/tirfounder-fields", "latitude": "51.701680", "longitude": "-3.419224", "address1": "Riverside Retail Park", "address2": "Cwmbach", "address3": "Aberdare", "address4": "CF44 0AH", "contactInfo": "01685 876 511", "googleMapURL": "https://www.google.com/maps/search/?api=1&query=Brewers+Fayre+CF44+0AH", "chain": "Brewers Fayre", "nearest_external_pub": {"name": "The Rock", "lat": 51.702792, "lon": -3.4286642, "distance_km": 0.662}}}, {"type": "Feature", "geometry": {"type": "Point", "coordinates": [-1.273041, 53.702372]}, "properties": {"id": "41517890", "title": "Turnpike", "path": "/en-gb/locations/yorkshire/turnpike", "latitude": "53.702372", "longitude": "-1.273041", "address1": "A1 Business Park", "address2": "Pontefract Road", "address3": "Knottingley", "address4": "WF11 0BU", "contactInfo": "01977 607 946", "googleMapURL": "https://www.google.com/maps/search/?api=1&query=Brewers+Fayre+WF11+0BU", "chain": "Brewers Fayre", "nearest_external_pub": {"name": "The Turnpike", "lat": 53.7027116, "lon": -1.2737291, "distance_km": 0.059}}}, {"type": "Feature", "geometry": {"type": "Point", "coordinates": [-3.198802, 51.758464]}, "properties": {"id": "41512530", "title": "Victoria Park", "path": "/en-gb/locations/gwent/victoria-park", "latitude": "51.758464", "longitude": "-3.198802", "address1": "Victoria Business Park", "address2": "Waunllwyd", "address3": "Ebbw Vale", "address4": "NP23 8AN", "contactInfo": "01495 307 185", "googleMapURL": "https://www.google.com/maps/search/?api=1&query=Brewers+Fayre+NP23+8AN", "chain": "Brewers Fayre", "nearest_external_pub": {"name": "The Picture House", "lat": 51.779553, "lon": -3.2078679, "distance_km": 2.427}}}, {"type": "Feature", "geometry": {"type": "Point", "coordinates": [-1.986766, 52.586989]}, "properties": {"id": "40535525", "title": "Walsall", "path": "/en-gb/locations/west-midlands/walsall", "latitude": "52.586989", "longitude": "-1.986766", "address1": "Waterfront", "address2": "Wolverhampton Street", "address3": "Walsall", "address4": "WS2 8LR", "contactInfo": "01922 651 181", "googleMapURL": "https://www.google.com/maps/search/?api=1&query=Brewers+Fayre+WS2+8LR", "chain": "Brewers Fayre", "nearest_external_pub": {"name": "Brewer's Fayre", "lat": 52.5858341, "lon": -1.9872645, "distance_km": 0.133}}}, {"type": "Feature", "geometry": {"type": "Point", "coordinates": [-1.856174, 53.702639]}, "properties": {"id": "40521550", "title": "Water Mill", "path": "/en-gb/locations/yorkshire/water-mill", "latitude": "53.702639", "longitude": "-1.856174", "address1": "Salterhebble Hill", "address2": "Huddersfield Road", "address3": "Halifax", "address4": "HX3 0QT", "contactInfo": "01422 347 700", "googleMapURL": "https://www.google.com/maps/search/?api=1&query=Brewers+Fayre+HX3+0QT", "chain": "Brewers Fayre", "nearest_external_pub": {"name": "Murgatroyd Arms", "lat": 53.7028563, "lon": -1.8632935, "distance_km": 0.469}}}, {"type": "Feature", "geometry": {"type": "Point", "coordinates": [-2.653663, 53.515983]}, "properties": {"id": "41518270", "title": "Wheatlea Park", "path": "/en-gb/locations/lancashire/wheatlea-park", "latitude": "53.515983", "longitude": "-2.653663", "address1": "Warrington Road", "address2": "Wigan", "address3": "Lancashire", "address4": "WN3 6XB", "contactInfo": "01942 493 469", "googleMapURL": "https://www.google.com/maps/search/?api=1&query=Brewers+Fayre+WN3+6XB", "chain": "Brewers Fayre", "nearest_external_pub": {"name": "The Park Hotel", "lat": 53.5094318, "lon": -2.6517791, "distance_km": 0.739}}}, {"type": "Feature", "geometry": {"type": "Point", "coordinates": [-2.171562, 51.847572]}, "properties": {"id": "41022415", "title": "Whittle Inn", "path": "/en-gb/locations/gloucestershire/whittle-inn", "latitude": "51.847572", "longitude": "-2.171562", "address1": "Gloucester Business Park", "address2": "Brockworth", "address3": "Gloucester", "address4": "GL3 4BJ", "contactInfo": "01452 623 805", "googleMapURL": "https://www.google.com/maps/search/?api=1&query=Brewers+Fayre+GL3+4BJ", "chain": "Brewers Fayre", "nearest_external_pub": {"name": "The Victoria Inn", "lat": 51.8496395, "lon": -2.1692512, "distance_km": 0.279}}}, {"type": "Feature", "geometry": {"type": "Point", "coordinates": [-2.724309, 53.361162]}, "properties": {"id": "40534615", "title": "Widnes", "path": "/en-gb/locations/cheshire/widnes", "latitude": "53.361162", "longitude": "-2.724309", "address1": "Venture Fields", "address2": "The Hive Leisure Park", "address3": "Widnes", "address4": "WA8 0GY", "contactInfo": "01514 955 861", "googleMapURL": "https://www.google.com/maps/search/?api=1&query=Brewers+Fayre+WA8+0GY", "chain": "Brewers Fayre", "nearest_external_pub": {"name": "Brewers Fayre", "lat": 53.3606448, "lon": -2.7251174, "distance_km": 0.079}}}, {"type": "Feature", "geometry": {"type": "Point", "coordinates": [-0.7221908199646649, 52.04919612569577]}, "properties": {"id": "40538370", "title": "Willen Dragon", "path": "/en-gb/locations/buckinghamshire/willen-dragon-milton-keynes", "latitude": "52.04919612569577", "longitude": "-0.7221908199646649", "address1": "V10 Brickhill Street", "address2": "Milton Keynes", "address3": "Buckinghamshire", "address4": "MK15 0DS", "contactInfo": "01908 766779", "googleMapURL": "https://www.google.co.uk/maps/place/Milton+Keynes+MK15+0DS/@52.0492093,-0.7293148,15z/data=!3m1!4b1!4m5!3m4!1s0x4877ab1d7d001829:0x2457d4dcaf9a4edc!8m2!3d52.0488602!4d-0.7221909", "chain": "Brewers Fayre", "nearest_external_pub": {"name": "Willen Dragon", "lat": 52.053032, "lon": -0.7254679, "distance_km": 0.482}}}, {"type": "Feature", "geometry": {"type": "Point", "coordinates": [0.060725, 51.515406]}, "properties": {"id": "41518500", "title": "Winsor House", "path": "/en-gb/locations/greater-london/winsor-house", "latitude": "51.515406", "longitude": "0.060725", "address1": "1 Woolwich Manor Way", "address2": "Beckton", "address3": "London", "address4": "E6 5NT", "contactInfo": "020 7511 3840", "googleMapURL": "https://www.google.com/maps/search/?api=1&query=Brewers+Fayre+E6+5NT", "chain": "Brewers Fayre", "nearest_external_pub": {"name": "Brewers Fayre", "lat": 51.5148515, "lon": 0.0610355, "distance_km": 0.065}}}]}